"concept_id:ID","name",":LABEL"
"b580692a776150270c724fc6eefe65c7ba4f5de525ee7c29e6840dd517d64f0b","nullification","Concept"
"d260427a88ea781323e31f8254bd1fd90d25c2f7fdece2f1ca42a423b25a4590","adaptation","Concept"
"c70611ef57b68d8b5040a3816f0a3a54c85e7ae2d7ec6badee6a31d3b411239f","경제활동","Concept"
"f18580572d895e5ea51c9d342ab3ac9a170eb92c0739bdbd72957784f16da1ab","exposure","Concept"
"68a5977054948d5223c94ae49537210b3cfb42b7ea24fd77fa4537bad797ffce","milestone","Concept"
"fa8a72dc78182c8268edb0a2a20043c3812f94fa2a32291f3eec3f3d721d1c0d","notification process","Concept"
"0e23f952c89b72e9f676d581d66f7533543feabd5ebbbb3cf395590c959791e1","discovery","Concept"
"1defcf506e0d69961672741f2ce35897553878525b0af7fefd11948a9b4d3732","특혜","Concept"
"f9fb07c65fd2e185decba310a19233b72fef385486e2f4f80f0c5407bb042741","자료","Concept"
"0899c2833b14d232503a9b3e2e58fca34a5e3bae77cbbb420a99cd2e23163d0f","interaction","Concept"
"2d330678745269d5416e96bb62dc3554e0398b63fbb91c140eb34c950409918e","assessment","Concept"
"a2f529e2dc7840883dc99668ffa38fbb812830d241b9bca77816e10a5ca54d19","contract absence","Concept"
"c74d3fef27579fe250a8204954dbe252c8ec731016a034980de75d83955d9c47","relationship","Concept"
"8d43ec73abe94e7739c4972368f7a89709c995957970159d9b2a266e76afc56c","cash payment","Concept"
"3e7d416d51de31e7c1da0d3b3b1b1c3bd8e09bd2dd4ead98e07680f068c78266","field","Concept"
"41d6d4b3cf170621afae3bf9bc4204a7b608f6080a9054a255da72db3ec06692","self-reliance","Concept"
"2a8b42bc74086007337e7c9ccf7d29e4d35bc34fc8976f157e4a5ce58164506b","provider","Concept"
"93b3e1a41fd1297141d61227f8ec290229ae9f886ac03cddaa331ed40da2e4aa","emergence","Concept"
"64d2a002e23790a647fde8f1c6e86eac0b1c2f041fc6f2420728e4c6ec9e2506","거래","Concept"
"b23b7ac230b8777d73447f90287039bcf14956e8118e67729be9fc6db053f0e3","부담","Concept"
"228f7b4a28e7760545357081d786a7c798aa22a5a18fb47bb15114b3762d9ae2","mediation","Concept"
"9ebc8849fb182982c5bb85b8874c7940481f0b6fefa98004816827d906a12050","계획","Concept"
"b5f6da9230893ed1c591987771f6ebda0abfd2c31d4d821031a73e43796a92e7","preparedness","Concept"
"d50e0017639bfb8994912152f9918a97328f451cdfbb51007d663ecabe6d7dab","deregulation","Concept"
"6b53ad72de1c6a569a5b7784ad55153137106d904a43e1ef5bc36baa13723b99","invalidation","Concept"
"f9238a9a4787bd27d643a6dee5dd6453ab2c4ee16b2b5fa0482262f79de0bef5","status","Concept"
"3a5078e3d91f7a9098463e947871f3d7ac4c7af624ec76038550bb8c7a3d81c1","expiration","Concept"
"5e26084b84a335ba55fc72dc2551effaa8c212069ea4fa45e79bde8daa3e343c","review","Concept"
"b79e3e1e87ecf1a9c181d35d8fbc41207de4f7bcf09f96c0492b5249a6a281c4","coordination","Concept"
"d82e87ad324e0353b0a6299370aaa576e102919d9b8b9628857772283c51f06b","partiality","Concept"
"d6133bed3dc9cec3315eb69fd6288b4698d7b24b57675e0bc43a21147dbbe839","sequence","Concept"
"29ff76c48c59809fa581199252a7b5a37daa488110455c9e1e38a8cf69b476e6","guide","Concept"
"dbd581fdbb85696c1b3307d1e2446255f6dd13867087aee8a8b5d7ce37cb828d","investigation","Concept"
"4506418dc6d57f288e56fd1561ce307f93be7ea39ebba3352d27231b9b16b3d5","employment","Concept"
"d3893e56a6f6874d0657bafb529615aa02292017f10a47fb86d644522f6a5d6e","industry","Concept"
"fe9d10e25aee018d0faec4abd731ca08b67d04cb48d980de2c45f7b7057a4735","copy","Concept"
"622ee7edbd215f360ede2f86175e98732bbc7a01e3f6c5ebc643c1de0819e7da","assignment","Concept"
"e6db6b8ba72fb4619513ad8cd88c63177dd91ae8e74132ccc52457a47abeba84","service","Concept"
"69153cae533185217a99850ce202338f1f734ea3d895ed68f3ec554a9ea1d220","stipulation","Concept"
"43795337c64bfa8a898a6b254d7894505d4c0c8cd3e76936286c98f5a05c39c8","목적","Concept"
"f21b8bf7cbf142db5b83af45dec58cdc7c3f3b17d5ef30c33b39cb3f7c931be3","information","Concept"
"b7afd93239bd79a540cfc0c1ef597fc8bb2e63397c3216f8870fe2d3c355e61f","perception","Concept"
"7b9d2c052ef36cb5d98f96d4fb0ca332d9c94a2d40844002e374df0444f29739","resource","Concept"
"da7de9473012b6d7b993222683fcb51c7b2c8e705f7a94e3b067cb475260718c","agreement","Concept"
"fe2884630021532b24e383049d6a72d2adddfa837f1a9518212a9b74773506a1","standard","Concept"
"bf3b3f94b1313b9aee6bc7649010a2ac9185e84fcc47377483d5dcede5b7f928","conformity","Concept"
"31e26ff54b36852a089beec450d8b56bf440e9d6e7cdf7a65a0b60d154bcdf1b","clarification","Concept"
"7b7bd22bd331c921b1a953edabd4aafe292ca32156e73350f84618c4eb148566","장소","Concept"
"d1845ab9cecc19befa1ba15868a04b64e641e13246b742b727db067aa0d1d700","accuracy","Concept"
"1ffc9843e66ffa33e52516df89ef6077e917e5cc4a02bccd386d06722176bfc2","dispute","Concept"
"e2295454f715e738107bd8b5f26471fccd10397645de74c996dbcb521d67ca2c","deal","Concept"
"c25b1131e5ea67ed5c68d8fdebf98c89632fb4dcc87f50813880ce9b9fec91b7","fulfillment","Concept"
"75171ac170f12f95de64df3425ed6e623e47302230ac6b06b98f4c9fc3716a86","의식","Concept"
"4cbd6b1c916e9046b344340d6e39cb0118a76d8e034b2811e4cc960494cfa57a","closing","Concept"
"dde513b19b2d171a93988e74c72702d4b1c655d1b4834e43bf8797fc379a5d58","availability","Concept"
"91094856002109c3fca95e1804af24c083c40d0470d7b607bce88759cc97037e","remittance","Concept"
"9e90c6795650ab6b66bdfd44544aed0c54afb99c58b628d4f7990553368994dd","timing","Concept"
"93c16dc22e859b28cd8b86933bd52c0aca75def1d1483b868b2810c0931bdeb6","reinforcement","Concept"
"b61430ba5d4ac909199a742417f92fa4ad5dbf0577dcb1498c7972e08ae1389c","priority","Concept"
"ee59d8445450d0cb8ac8627c178a5bd7434fe35f665acdd51ae2dbfd651e16d7","소유자","Concept"
"92c089606e70f843f34afac2ddf3c7c7e437764d40de2bddf2e5fb950b413cf3","인물","Concept"
"de8638a60dc8d6c89c617ae6ae651af3624d3e334abd9a3511c5042b1a2db968","approach","Concept"
"3098466c8e09d7555f427575826db5a1cb002fdedad7b9c43215cd9145041f2e","privacy","Concept"
"666bd9013be67f12688a468fe9b762122e346768d8ba9a48c03b9dfa5013611e","정직","Concept"
"c81b38ec139ef801ed71d7ae899bf947de8fbf40d439afc43a45b67ff88c1444","limit","Concept"
"57232eb1f56ea2200f4198ef0b758501daa86a2e50465f6fe5a141bbde895295","liberation","Concept"
"22ce01208fe95435476eaf22906397876ee1415bf95efdf9c9591b672f702986","주체","Concept"
"c48bd420b9995c0be71f62c4103ffed768009e62ccd44f2f7dbe279a5e6d99c8","determination","Concept"
"32f4148a2729b6cf236b19b9dd3189f99eee819a74f305c6415c5bab00d857f3","formality","Concept"
"00ac04aa45ebca8ac0ca3d346b16c79bec24a76966a03d5d4798ea37a96de387","protection","Concept"
"56f180f4df468ffb41fbeb0a5b34ad00548a786ea6c0a1cd6ed42b4e25bc2be1","단체","Concept"
"75779e06b5a0240ba1324de6a77b65138e2ea2688a6a9542f2ef5d048ef8e103","불이익 없음","Concept"
"626fb4178fba44effc5207cb54ae879e923de32046b8bbc7e39ab47f751a325f","data","Concept"
"40f7d9b70d066d708f21e6301dfdc7de8d1189dbcc095ebb8c81cb51d7174987","acquisition","Concept"
"0a3eb68097ac9bf10d8ec71777900d9962cd42f5c7293fe7422c0dee0a3b0414","system development","Concept"
"306e3d20d3584b4f55f3f34dd0821bd255a4f13ece63d8b684e69f70a16abc64","enforceability","Concept"
"f4ebf57350d918b8cc322944ea021405503d103d4f5935d03131d7e973dde38b","trust","Concept"
"4da982300c14af375241a91d75525f4b0d2eae1d5c1f4b2dc75fecc619a15bee","자본","Concept"
"e1db209d849cf869baf70527ba69149632ddd274cbcfcf9eec344dd68f27774b","waiver","Concept"
"1506bca2ffe2fedeb30ac2cb35e74fe83f67cb2f5ce3f10a16b4cb81a3ac375d","보증","Concept"
"941cb114bd6a564a39a493a92c1378293d98e453d711cebcb4e98d5868a35c23","certainty","Concept"
"e12425a6aae6c3009b09d3d2ce9d1fe90375e01b9ba36e199d68d3f1c304edb0","product","Concept"
"f13f8201fbf26b63e526265f740d3b17bc1d8ae865e388d20d2c09bff743894f","modifying","Concept"
"0d5f169f9826a466b49f0b33403eec596a68dbbd06007c674815ec19bb7c0acc","기념일","Concept"
"8fcb5c9d5786ab4e0ce34da0548f0529c6bdbf22cb62dac426b3d336c829e63b","상실","Concept"
"697484908a3af816010d3f3be79fe75bba4bcf06dfc517de7e2604d3a59e4e0c","목록","Concept"
"e6e8c6fb02a464f57043948ad5ad72a24533e5ffe25c6728c05bd1284b62e35c","수치","Concept"
"66bab5afa3f7c058d89ef1308730abf691936bdba6a85ca348da03b67f2aff68","승인","Concept"
"d46b8b23c762da02b37948a73c637de24a57f48ad663ed8f5100da47da826f7f","의무자","Concept"
"0e162f7038816bfa33602a15b250f47eccf3a69e16531b6a2fa87ed910d794c6","agent","Concept"
"47ce6ac9a5c6f63030e1c5a449a85ddb4f04d68a4e0f82dce6684e40b15d8115","경영전략","Concept"
"af4cc989a1160bd208ea237c8602a07ae9f8062259516abd7ffc9674351cb952","brand loyalty","Concept"
"1e9e7e9255754f4e5353b1e5ddef09a9faf6c577afa76d2f74e7c8fb97d1161a","supplement","Concept"
"6137db53509c3387ddc3d3edd2d0c871731cc6816d4844039732c85bf6cac8f3","status change","Concept"
"03a6569cebdc6132d6801aee2bc80244fca6c08c1e46de5cbc9676a1c1da0a56","문서","Concept"
"1a40fe67c2f600bb29ca807ecd2ef6606cc44d4dcf43b0f7a91d5aac01d89ca6","업무일","Concept"
"20f9fef3f5670e6725465d13ee5355de3b6801b4251591e6012adc62dc751915","risk management","Concept"
"d77ea327ba3909f22a5cbbc7ef6bb50a7d8ce5ac72570b600e1fa159a6850b58","시점","Concept"
"098844bb55e43ff0d9eb56b15c64c28635f69d5c606f9a2aade8631dd824ec9d","항목","Concept"
"312e772d3211f9ddc0507347f4b56fc2258a70ad40ce37ab21f56a24436a57d1","요소","Concept"
"dd2fd35c4a8dd29073046c9e66dc4a6549edff92b1921f880395c2dc2c0f503e","buyer","Concept"
"8a6eab3f0793825f60bfa6ec2370dff1f7a9e79ef2756e05349d30838700c8c6","leadership change","Concept"
"fc3b40d7d1f17dfae5c429727a3b4962c0e61097a039bf56233b1cd7e2000d94","허가","Concept"
"35a549427b6c123b6b5bc370b0b4c32bc6842009768003eeac385d142a74f357","registration","Concept"
"e6083588da3252c0b37501e61ae047082cb91171fac07e9b68d219f9e9d9f786","unit","Concept"
"3c120e43953b6c5fa2bc1c23ce6ebb9ba9be95c8751f3575eb61085948f15e20","회계기준","Concept"
"aea551b65c30f7ab733f344a9df7eeaf8e24a4cb73c981cd432eaedfc40d8359","refusal","Concept"
"f26fd72b938f7371da60d6d775b0ce941f59a5e7979375d32dcba20904327829","confrontation","Concept"
"ca1bf3830c3c8fbc931625384c1e45a547960323c9d2ca38682c2651092049b1","concept","Concept"
"b358e803b4541f01e3e7efb5538e7c7e6d6c7ec53ec23df1b3148ec46114d7a2","forgiveness","Concept"
"393a9c18871dfa516ad9ec850cc0a3dfb2419384fa75fa5c88c98319f4cfa5f3","협업","Concept"
"16ce4caf709e0d33019dce6148cd32a0245a3f512818aee16f7d2a8d0b9b19ad","portion","Concept"
"57c42ec2299dbc35930e9a1674091f45d93fcf6f20d51fedb3ffa7ec45310053","임원","Concept"
"3e8e50b1f8c31b471ca5df9f3f5c041083f85b65bf1dfb84e6b694cca6b173bf","addition","Concept"
"f08b8118d18183337552fce437e5d4d94854e6e3490f511d5c4f2d660cd8c27f","contract modification","Concept"
"0bf7b5faf73317429e40e83d140305114f95c7db58f7fc4de9c89c25f3008afb","계산","Concept"
"252b591f34e04399650abd8cbe2f27ed778fcbf1800fd2a9dd0caf6fe065241a","비밀","Concept"
"b98f9d13476cf4fcd4967c8671c40a1c725e85a7b41b3b3f32152b0e4071d2f4","non-compete","Concept"
"8843bc53a8d6617720027c69896d5ffe1675431526aa422046dc3581a1b14d46","규정","Concept"
"4571faab4338f717501abab5c86b6ffd73a9e1f665840a342d58e8dbdeb2ac95","process","Concept"
"68df77f5b2fb86fc5d4a1ffb071a031781d4b84c490fffe7075066d287ac6dd2","judgment","Concept"
"f1203a68f786c359b427f629dd9e9f0cb5fba88e8296b3d92383e5ac944d0fb2","awareness","Concept"
"538c554615146097f8626a669a513d1ea00925d0640c89289e37d8da544a2314","commitment","Concept"
"1ddce266762f0a099fa82d6fff91857925e0aa5a6efb3d1a409ed02b1ac3bdea","배당","Concept"
"28a35414a098eb503a774d464c62aec0018e71758606dd4b19919c98908204cb","금융상품","Concept"
"5635501c3e012b4bb1b0fe281f6a6cade46f2362e327c325e56b80dedc4a088c","legitimacy","Concept"
"22357bedc0d7ffe6e1d469b9934fdc85722d2efa51f03df80084b9d854a1c98f","trademark","Concept"
"fab185f9eed532907db2c338a3f4a814d5d9a0c03a9e857db0c317ee1f56b825","사업체","Concept"
"d584a868711f31b10010467376bc9033bab19929df0117ae1d4d5a695b162750","상호작용","Concept"
"71a1de745f28ef9bca59a0a13125a8b332ec5cafd9c80f68ffb53f19f6b7cd66","선택","Concept"
"be23cd3ec3767aef9b72d9cde963fc4a615d84d93aba9ea45948edb09126c297","content","Concept"
"236206df1f68a0bec2f266395b7fb5dde73ea393c5211e894b9b2202419ee90b","현상","Concept"
"0cdcf5ac0638a37142fe27b01d4345b549cd0bd030f0d9309867da5cb2972cad","corporation","Concept"
"9159aaa402d001147a0de0a7d321de07ecdf09f4e1e6be83ecc26fc25f6eb007","소유","Concept"
"aad3b6af911a14f6e9c913d666ef41b4e481eac54d9a000915da30f30c2d2774","participant","Concept"
"a17f3d92c4ab265b5ac724a089516913ecb215e27b124de4c91c23c63a90522f","법률행위","Concept"
"f44ed1f3f7a026740697b59bf763cf7a3848b4d9a0cf796ea30cfba0fbfce233","보호","Concept"
"6d71148e335b8fb761a254e7575ccc27d8f1cf82a289dafc6241531e12dfb0cd","법령","Concept"
"77748fd643c13b026bfb9d77e0b351779962df85f72dd178a92dff7af0970745","투자","Concept"
"1d7f071148a7e4661ccef90ee849e79630ba6cbe6b9c5a08295ea7c979e51daa","회계처리","Concept"
"f438977ae24c93f202c1aacf71cfda1a5cc55e850f0d6b787d25102937d61479","percentage","Concept"
"dbf003acdb9857c36d22822d15fb5ed28e67d6288dd53b57e0aad18868cf7852","마감","Concept"
"6b36029308af579b47c7aa1017622679f015ee40f3abfb9dd60e5817c0957ee2","회사","Concept"
"4e788e7009227ac7467c48430af39ebbd95650482bc5a930b1e997350742cd9f","retention","Concept"
"5f1daa02f802965e28f65d3cbf8468bcc55b3726f8121bfd1ea199ae35f3e891","진술","Concept"
"2b983a0b437d04e400f4b543ef4adcf6aad1f32cbb840c4fa47c42df0b11977a","statute","Concept"
"7e50cdfea2f7df87324eb06fdd33b8aa943b2ac244dd7b24a3867070595c1628","recipient","Concept"
"71e9b56fab0be0ba602ed57631706c343111cc355a0b6b0a0f6f24257bba21f9","delegate","Concept"
"4c5234e5d127e243d6aebd7703f2842187109257119c4b5624254dbaadb98876","stock sale","Concept"
"86b538fb342c141d2381b789d35842de1bb5a5d4fbc1c8e0c4b5266fee5858f6","discussion","Concept"
"b33aa1e8d17597f95954846d7fb0a59a25e9ac95833fa67cf8ad194c3c78f415","cap","Concept"
"5f81ee06885eeda2f82ee1d74a49924ab7c06a9f7015802fe17019d4fc526f3f","기준","Concept"
"731d3412230d7e9b6cee92f90862127edba9538140376547f92ec93014fea91d","inference","Concept"
"732301409da81d4fcd235dc2ca1f7daacbdd5e19d0cd63b6a3d0d122c13ed19a","unpredictability","Concept"
"ba89458f56b6ebc0beb9d586f0d5eec9151c5c7805f87272a0c1460b5aad2b4f","openness","Concept"
"d120eda9be7f0b27fe14e31d23005ba6e1e3d33fa1fb0b513935070475a541d7","alert","Concept"
"216d0449547d638a2060fce37431702a62d6ce827c5b82994247456aeac505c5","증명","Concept"
"1e4bc7d43e799a86cbc2ee4128c5c2c2797664d4d76def6bbb4ea390f70597cf","assistance","Concept"
"3a0dcb7a69018d7c8100cdc1f3e4b6315d5e40b8d3b1e33e6894b228394bae7e","집단","Concept"
"6fc253ad50a64b738ec1d9f42fe5d9b38ba4394e2d836c3033ed099ce67c89c0","약관","Concept"
"0f6de7855e227e2c12ec8156c6cfd32b17181136c272c0caa555cf2937a5841c","조건","Concept"
"be835a830c4c5a8b9d2439ac6d1e37aed644fc244092edc88e3c5a9c2bb3cce6","권리자","Concept"
"403bd4ce11a6826a5f98a3d66ab8f3b04c30c53e29fe0a31722bf2d0ee822bf5","계약서","Concept"
"162864099d0eef8fcfe22c26979bf9bd716381fec0c5e80b07c128a302e16b73","scheduling","Concept"
"1c5e9f49a9cad816cdafe5a07681e86f1d5b3cc1a6f19090412f65e81225feef","guarantee","Concept"
"5d06d589bf7e940d308ab1354cfac5eb239a0a12f766987c2369f6356545368f","selection","Concept"
"33978b8cd4ea946c230ded7c098b0998f1b30f10120c1de9865300ff5ad82cfb","writing","Concept"
"7ec3654de7960951370dae0a883148f720c25db7cdd2231957e5f9d585699126","legal reasoning","Concept"
"2183374276d641702d30285c6fb547422d5adeee828bf81b50ddef3c29614c5d","understanding","Concept"
"36c5ca13ff225be7aadfd404980f1670e288489b34718f49eeadc813e4f58568","기준일","Concept"
"58aeb4dbcafb2f4dfc2de11af895061bd59b0a08abd7491e79d0fe0c8d038b0f","exclusion","Concept"
"c61b35151f8ff6a6d6d00d0a7a9c6365b8b59a8edea7dcbc0885c296ebe00bd1","연결","Concept"
"e28914f84084c12a5e51141281f5f9c1161c5fee4bb9d91c33753cd268278b79","규율","Concept"
"6022faa8713192419398f7cfcfddf798d5238a69795d000fb41f0944b718f3d1","조치","Concept"
"dbd8d64656490dab8fb5713c471bdb2343b3d803867ce0def7ddadd9c1d6ae41","city","Concept"
"dba3bbcb65e62a2d61a1a5b3c55bad5408d726edf6e4e7a5eb577480e060de25","법적 개념","Concept"
"45a582209c729d74db063a97a5758cfa50951b19962ac8b4be05246b962857f1","legality","Concept"
"107cc264f050ef9de08e953d69a6f83042122e474fa9964071205791221cbbf5","기업","Concept"
"8e5a9c7e722ff2dc3bf525d1c4e414e7ea08c61a2eab5f8dfd09df1afc131e56","조항번호","Concept"
"9fc7f099919f189a0711d047d66d3adf1102f63c9c79f6ff359401174c29c94e","measurement","Concept"
"579eb50ceae52023b4d904f779f64ed105dbd49c685865019659296d328dc3ea","business operation","Concept"
"c2120ee50c052376300b0bc728a681c5d4a7f4276ddcd081f3d644425514cd07","reliability","Concept"
"23061d2d7ad4887ed0880837e22ab3b05ecbfef3a698c5c52587dfff45803906","information security","Concept"
"437d438e22ef49cd127031e80ac3541af9303a98420d2f32a133e0e542260074","cost","Concept"
"9619c8833bf96af1decec350226b6ccacb9db9468cb8c082cf7d37fdf19dc614","division","Concept"
"203db21b8a2ecfc6b2750367a556c4e149c2058d82867a38382d1d34c2f9b93b","flexibility","Concept"
"ab8f4fabeaf6f1d0ccb246b03c5d20bacde6a4ca681b59d6c70b017ec08bce2f","과정","Concept"
"25cbff362eb98f8b09886555a0615079ff36022190d79a7d1cc5d621e6d159f9","withdrawal","Concept"
"017b8c18d08a2bba6ee0d3070cfc32974256e1a4f793f662de01f66cc3eb7abe","brand","Concept"
"d813b42d94e936ff5c6b57833bffd79ad27b811c490c77cd317169c2ef33635f","amount","Concept"
"66dc3dedb558ed12491b9fe3235698eefff435c6070f30d657bbe87d5b966af1","impact","Concept"
"ad254d23eb4605ec82120ac71eb8e0618eafb285f8178aac7b9fadd9c023f8cd","date","Concept"
"8a71cedee0cd66970e2dcd811644678408fb3c43519731f1f458e966753927e8","force majeure","Concept"
"72a363e3e99edad4700f69bc46ab526c709f0d02290bc268cbcff6b2fa823db7","사안","Concept"
"c3dd7acae26c65251912a03d34f73760695404cff888f324199946861e4bfc0c","labor","Concept"
"e5f5135abbe8890efe60dc070008189b4f9055c20a30206020ec1320b09d0157","협의","Concept"
"eb209db0daec7c270b15d926ca8fe42c33980aa30dfd41e924a061372029826a","계약","Concept"
"f7cad1537f102c5f608646d74c96d9722c34871efc301cd63dad8dfbd11b5487","preparation","Concept"
"7aee8a6a2f1910f7ac817e209df9be454379a1df98f7c5dbdefc62a72adda8a2","개정","Concept"
"bf0633b9256f955223f91a72e6c307316c094ad6a9b9037b6c5cb6dc440d352e","감독","Concept"
"a4c86e172162e24bd229adfca0bd3e819948e83ae69672889c6db6224c45f1eb","version","Concept"
"01dfaaf886507995bc2f3baaef0749b3e2995625fecc78ae4906680dfca80954","stage","Concept"
"2b1798713dd568bfbf35c14417af5b6a97f033e82a7e45813b8e5db71df08dd9","명부","Concept"
"ea2d395a35d04e7193715a14b3163c484ade6b7c8c2ce2d1ec6fc9a4a51f9e91","redress","Concept"
"fdd553ec624c97dac9fb84fd8a5a142da74814a1471a3e0441a37b3a4c9bb339","enactment","Concept"
"af14505cb7cb98241f6836b87f39e1ef595ce436487c186513ae4577a3699400","보전","Concept"
"df5d363babd39ff4621872158772ddd844d8d1adb883340de105c4ab55b574da","distribution","Concept"
"fec61711a6f35fbb4eff852dc1be1f1a1602152a7b6fd4a16bc6d610795407ef","legal procedure","Concept"
"c523aa1c09e9587c2b613cc6ca294cf5be75859f1fde0249c8b2088d43cce0ef","asset transfer","Concept"
"98c913f7f4b4254679028122f2c7311db6e74d213453c70a86378af6b787ee0d","job","Concept"
"f3ba7aef8f0962195d636a2583bb8452c5f5a41d40204e0ccd85d85ef4781c04","법인","Concept"
"912d893f3ae1547a25d06b2c256ee2f9532ea25538f36bb5bda620be8c021dc9","reporting","Concept"
"7a3b0445ecd939389ec8bf41c2d5bd1773d34bd2308561ae0a02c926957a1daf","support ending","Concept"
"564e5cc91745cdf96970ea2c238d6c144aba43060a206a9936c01e8dd7a37c02","자원","Concept"
"b53a363cf458e478b260a8e72c8e87f74463b13267f2fc2e593b6135ab36311b","상태","Concept"
"1ba5baadbe9c84dc6557cdf54627620d024c711d8abf90b7a066d1ce1f8995a4","내용","Concept"
"e61a59740f0bd35067c6725bd51925673ad9c878df32702a993ab06199d74da2","exemption","Concept"
"7f870acb9984685aeeecf10abb8ad7fd8f58cd72e316293ffce7eea91f213f94","part","Concept"
"5bddbba7acdd8c39cc969e7bde7d37a1fa470bbbcc405e7f23c46b4ceaf8da53","allowance","Concept"
"861fb7eb7b8c0d9383629f3b0323d6b70ca536a073225360ddb9e184ee901ad7","optimization","Concept"
"046cc003f1d119a1eb32ae2577fab493540dceb36a62616e857344b2a5d5c466","disagreement","Concept"
"41862da2b46d4645d2e9813ce412fa0bd6c2a12e7491586b1fa2d2062afb04dc","independence","Concept"
"28f90bfa7f634006e20cbf03109ac5fd89c33064fa838ed197caa1f82035b89e","근로자","Concept"
"6f7223bbf5738f552c34b61134af1a67f2d7b1d63c2d7a7da33a32a0d6eca03c","네트워크","Concept"
"687548942543077a30c4e46e1f834a16c2bd40a5e11a50e829c8fb65ba650cfd","status quo","Concept"
"188dbc6d4edfd3a16e7d30c01ad75c11f1119195ea9f945cc39f8b01fc2c3ade","community engagement","Concept"
"ef9be5b2581463a96187ce481ea06552af0bc850f390087e9303eb009b5d410a","사람","Concept"
"b14ae520879421967118a3abdbec6d11726cbe4720ec1498fc1e1fed2d17ce82","money","Concept"
"249419b8ef5eba23ed3306717df270fb92ce6c1c4bef130a48e7ef9d9f81c448","material","Concept"
"2c05bd36a2ce1c043c1be6c0c46fb4dfd640ff4a65ec6895b0d3232a0ef61a58","권리소멸","Concept"
"60f6af3c25c060d1562697d635957c8ca52f6d8f6d910fa2dc6fff3386da9780","financial term","Concept"
"7d1d7bde66deccf9b5a0e4ece3f5bb945a8f409f63c8ffb0a2cf944d7c414724","cost sharing","Concept"
"c1d76c45419b12c5b9bedde414293bba58f5153849fe6da8d2b4f3723fcfbe98","amplification","Concept"
"7ddcfa88755df3572fbb1100f1dd7855e518175d019792b2ae5890d1c3449a67","transition","Concept"
"09077c0520b4cf9ba28ae9461b29a399a85d1ec0cbdaaa7d0e75cd9e08374fdb","rejection","Concept"
"864c9f5ea309f48590a511eebc1f3eb6600f8d353cee747ff15c0e701468e930","formal communication","Concept"
"8f0a4ce25aa7e4d0cae1db4fb02ee14f93b5f982cc028d2f020819e8ff95eac1","announcement","Concept"
"d468eb897b4eea941e294b389b7efbb3d36f97ff4ceff0a4fc8af44a247e325e","규제","Concept"
"dcb77c0743d0c131334a43dcf8fcf52f2d20b85567c98df2ccfcbc2531761144","가치","Concept"
"530a7c484d415d389b647acc3050145eca4dd0808b9204238f3ce43c975d4f43","transformation","Concept"
"fb4de54c7f415b7fce7277c8c48aaacc1f391d7825e0e16ed55572ea92133cea","역할","Concept"
"cdc3229191ad3cfbd9a74cf2674dddc6647620fdc2333e9b488fb3e7c0b912ce","관리","Concept"
"f5f14aa03091125b2954aea130cf915b3cc5a67c76b2a00a3370f89ef98b295d","workforce expansion","Concept"
"6b586ad1a396a8cca4383eb2d8ec14bbe1621f2378e40ce4d5b5e60f9ab488df","ownership change","Concept"
"f085deac0039cb20ed44ef3865c04376ede7797233cd4c488ba9f383663b88ba","corporate citizenship","Concept"
"0f9f7239b2918e76bbaed75ad31948ce0406e052f820bf209b1574491e365cb4","accounting","Concept"
"ce0043339706ad8b5f49cf5efc0e46037808c139aef90754d4f26031cb35c5e6","forecasting","Concept"
"f315bad391c1044ed013cfe1875124d608f05c73e4d2b543d7c53c0e26b1a154","explanation","Concept"
"8122d6d87021025103e3ef0303079550e107979d36ad34deebec8bc355557693","executive","Concept"
"e5674f092cd9b42405dc5df53ce66acb5c0792cb5cfa0c0c46210951d1c1814d","회계","Concept"
"5cb2e49536d3aedab904e306f53dc0794d75d80b3b6b67a85dbd5d3714f59077","upkeep","Concept"
"47df97fa863b7b37585078edb7043e98b7b0b047334adf9e7a1493c8762d6e4a","segment","Concept"
"3cb9a506394f7f2c3bb95686414746348ec8a513d5aff75fbc48df0dcfdeac07","enterprise","Concept"
"d378429787b6dc750b018f76b95db9408b2c45dae71465e82872578622bfc118","contract completion","Concept"
"b6ebdf7b146e60d9cf8dd54a2ffc891cc6ebb52fe47d2503b417d93845b97320","differentiation","Concept"
"531b7b7244b5eb3b611c1ff2bca73710d6deb25058c5b922a172f524bc9b1db9","firm","Concept"
"a768e9c505e747549e956209bcb407f1db81bfc1e004a370d6a10216390d25ba","enhancement","Concept"
"d14ecae448dd57c1e6616d2d565b8229bb35728d9e701e0095091777a72ffbc8","가정","Concept"
"6bc08f4a2d70c29a8016aa0920b961dd0abea281efa92e9c4ba7f7ae7144d799","인력관리","Concept"
"2dfb685b4fafef7c9f785d8fc54b9230a07dc7f4d4fb1eefd94cd89bf1fd959a","resolution","Concept"
"529b507b89a5e92b18a9bce167f1dd5dc1e29468e7b947ecbabc11c759fb622e","accomplishment","Concept"
"a5f7c0c3b8ef3ff278fd502b0482be37c515b53959d3866842f687edb02e08d2","이익","Concept"
"7264e53b97d29c4a57afb37b9b5e81250b3efae3ea4dbd65bf6eec0c99b2ee75","expense allocation","Concept"
"2d524af59b89591fa9d05c8111b12387cc4a5eaddd7603e05e055b622a7953cc","jurisdiction","Concept"
"3f100abaa6db627083c5945cc98f9684f6639bee8f6e611432a9c194fe387ea1","motivation","Concept"
"7d5a66ceedf5f98a91eacbd11d24aa2f797c527936094c158749cd32e6e1293a","영업일","Concept"
"94035a2c97045e7765f5c38349ab48ec80b411be7ea6f5f3bd20bbc0fe59aba0","right","Concept"
"7eb84a54e9c5abee6afa8427933bdb6575ba82e82aeca41c9e5a92ab93e0eed2","decision","Concept"
"bdc8992455a27cce2fed9429359ab40b50b806020606766787683651c687c49a","entity","Concept"
"9f61dc262b705876b4bc2c63b32040032dac36130dfe9bcec0c6caee289b57fb","checking","Concept"
"46dc4e0b5633293e0328ca03a2a83fd9f0959795ab734d3c4819bb14200ca74e","분담자","Concept"
"d72bb32d525b18c9693d0cb1491d38f860864bd5ec90ff95ac01ad88db55f714","판단","Concept"
"0b7e5ec6dacf67797efca261df395e9e1b71c5ff57b5ef5c49a01bf4b4e475c7","debt","Concept"
"9163193398ad78675b6d7a20f05a5775b2764c10f365b33b69c3760cb9d89930","transaction","Concept"
"1157701535f4e651608199491d7493ae418679569f4837434cb9ee6ddcacb17d","actor","Concept"
"147d1ed3fcfeb10b5c745e50f7f1a7bc0cbf79586e3d9771ff940297d70542a6","rule-making","Concept"
"c8360d1b8380c5e4be4f65fd22cea2ca753d990825091673a1821aa56a35d785","closure","Concept"
"ee84cebf72890f69c4e5a4328ea788f614c8ade244ab086e0826e00cf187bc2b","region","Concept"
"3f4ef22bfa6c4a49091215c2f09b929a97d51186fd636650932f1e07dbf43440","platform","Concept"
"67c706cdc7a613d2d13987dd920cb4682026715c641385eee44b64c04ecef7e1","대가","Concept"
"37bc72b91681d1b30a0dcfe2794bc5e6ab39d879680c674d3ad3fd8ff4783509","affirmation","Concept"
"b30ac3fd2ea36d8cf819589be5e4e7600a124a23e69b2bf40a1e07a8f4de56ed","timeline","Concept"
"a0d4595fc3926cad86bb94bc3b8cad7c174df2596d8001d224b388243ce8adfd","대응","Concept"
"29aa1233719bf3d1730ff2e2a73a9474274b3dca3450a7fc482ec7087cd2c377","co-owner","Concept"
"5ec71b5b38f4132706a11ddd52e7ee61eb68d80461ae9f614db0656f9028d650","정산","Concept"
"0835866c22f802972780841b99ae97cb25328ca3f9febce32cca88387bbdb815","initiation","Concept"
"fa91850e9c5428ccce8e847c5c9d5f144ba795de8b5e516eb5b3ff633e1dbf34","제도","Concept"
"e2231a6c5215e3eea85167f1a97937e464158918431ac8e068558c5e23ca3ed8","legal obligation","Concept"
"8d7cf226b11273ba3465e6826acab62730aedbddcbe4e53591b01a27df4c9683","재분배","Concept"
"198e8e77d2b365666abee5bc5cfa243f2b83be75d7f095274cf19b773c02fc6b","수준","Concept"
"e8254d6c3f20d2042b797e9a52d8e5d5b9549a1c6c1542af7f19ea6e70c842c6","loss","Concept"
"89d1aa6abb7bd66816461d581ebc879e8e410978daf11f6a3ea161fe6aeae404","specification","Concept"
"af3c5c7c0263fa1ecd6c676082b4d4a2e773d96468a5d6517e85b97f00b9911f","release","Concept"
"7db24e2f2f8374772c2316e0d96d271e5b3fcd63b42054c38b3bad28f084ce45","income","Concept"
"2e435abc59003eb63ed9a34265eea573ea79e34a1a66c10287b4275cba835e3c","commerce","Concept"
"ecd428c88d82d5b35f40d5fffb2f3aa92917eb3d80341db6c9b687c0ba0f6ce6","배상","Concept"
"d183d4f42f2a00bb304cdab8a692fe28f5f73fc6e7e97f45a81a2d8f68691112","협력","Concept"
"3077cd0ce21505903391efd48e03a6418efd1d42eabce3aff7ae1dcb78855d62","price","Concept"
"ef89d6834e2fe5bede8c706f481355d55067565a6f722f2a38e4a5cf2e75bb54","financing","Concept"
"220d2ee9dc2ebd29fb72027c533f6725d72b72e9528c4b65b6ea887800115ced","restriction","Concept"
"955b89e05869fa840661b9873783cb3a9c52eecee5aae83876785d81d2ca6ea0","certification","Concept"
"0dd1ec347e4d5aa79a27945b8074ab98c32e41c4dfde01a5b0fc80ebf16b1e7c","calculation","Concept"
"5a1c6dbb986b7d5c933fdd5f4bb86cf61ec9ddad4e5d63bb0b7b58c6309ca44e","claimant","Concept"
"2d406316cd27569c966b93ea7e159ff500408fad0f256f4af8832ae42519a28f","funding","Concept"
"df022ec25870df5fcc6ad232eef76531963708f05804a0ad188e1fef6aa0be1e","definition","Concept"
"60d38da716d9497d298cfc80d98c373cc1bdce96920e058de14edd9a54323af0","currency","Concept"
"e00382f298feaa23de17778966eb602543ac05067677ee7c7346d1126df19904","disqualification","Concept"
"961e43c6245aee7e343774404d4e496b92471a71baf4c7eb013ef6cec670a5c7","entitlement","Concept"
"f31dd855938377fd6d3d4d720f77346810a1ffff049cdd402a8b8fbc5ab5f581","contract duration","Concept"
"137def7b1cf9c89d1ffbe01570792c4bd7d8f8d65ea7621d3035883efa0fc591","조문번호","Concept"
"25447557b0116a19844e7bd4d664b3259365fe517212c4f7c5da61629cb1a0ca","정책","Concept"
"479610231c5443ccb46d1ea81b5e1e29684634417e8670b8092152426ca61e5d","structuring","Concept"
"52032504afbe7c58e0eed0a2b8294814341e897a549b8dd08d52394e6c806194","법적 상태","Concept"
"c1354cc9e3366b7714aa51a73fbf35140eda2ec1177e57f90f69708d532cd275","legal analysis","Concept"
"948330d775776d4cd1ccc0636f8d20e526025bb36b6fd40551dc9ef9a4047108","종료","Concept"
"28bd30e93d248ea1e112b23b45a0a25e10d0577b2687587f13e67190f56dace1","유동성","Concept"
"9e333dfa237c1491fb0a4038a0b9ebde62c1470ea1109d1273f4605c122abadb","facilitation","Concept"
"dff0a4ca2327540c02c7a045c0e76d31ae089c805144dab59f23dea30bd45043","financial management","Concept"
"2b668f5ed6852bb167d2b57274bc77652af10950311f392eeeeecb9b54c89672","governance","Concept"
"975df42411aa509c9aa1847e2950e50491a84e774b539b41ffb62e05bb453f69","conservatism","Concept"
"0242c6a415d93952cc6c22d66e4dedec0241f5b069536c68d7230ad332e03d28","rule enforcement","Concept"
"d4ab2c6c730e30ec3bee173a031510ab208f57c05f2bebe94ecf46025ba9cf41","통합","Concept"
"a259e420237b10f5cb4b081c058658ac342da0661d9f2ab989980c4471d590a2","contribution","Concept"
"a36a4b61afcf1c97c67c31d24b61228981eaf7aab5a15aa5bca7bed8792f0641","finance","Concept"
"52a75fdd6f2fb0d0b9bfa68845c798febb85630cee82e4a3cbcd132095d966fc","nomination","Concept"
"d580491c2fb426db394be42a74a07aef82baf4aea014366c5445aa0ff33f68c9","compromise","Concept"
"1c395645342479efd717315a635c03fc980417d30fcec3385ea3d05e82780d94","revelation","Concept"
"90d2019c0e443e3f1c5cce6b5cf8d115716c3bf8bbb1a37510b2dc904195b926","공동체","Concept"
"b71a9753b6eb7a3f8781c5fe1281901e923957816d19da04c15a8e8da1147b0f","alliance","Concept"
"bf3981e8e7d5193c760801d725ccbc55ae8959aa3b79f1f10b356eda3789797c","법적종결","Concept"
"785741b88b711bc12d0ac8c4406f6c05704b06d217c060f0d61d03a6398e502e","implementation","Concept"
"340423952fa736b3ff7ed6cedbc4d03a4d64df07e4bcc13b675170410d47b3aa","introduction","Concept"
"9d83279a57521b2ca0f6c97965986a3614763fd93505c70ca7ebda720b01df58","breach","Concept"
"6ff27473de08325eb48829cc40f5c329e6ee04862caa5786a5dee4dd77648ca0","detail","Concept"
"787a522fc6ec198d78b2b8abff2bf4064baa1ef9125c9b7adafdaf65c3218f37","영향","Concept"
"6f852bfc73f2e8e20ab695fdc777cef6811d26a2dfaadb35987e71389be2d9e7","관리자","Concept"
"caca6e2a32be851d8eb01beac91cd30b3f8ae1807f4375808b7c38464bc7b73c","forfeiture","Concept"
"c44ca3e0f844fcfb1701027b65f81ff74baa0fb698f34f6612b7350c63efe7f8","reputation enhancement","Concept"
"8471e680ab0559f06e985384b0f20bf54b58f4e53b2a8b349490a644f3a482c3","benefit","Concept"
"518793464c9334d6da4f75b682258e727f692c5f9e5f63208988cb59130f0375","demand","Concept"
"3cf6d637c67ce831c0572ed663d074298e1ad93d285eedf595cf2130b1e2ff78","legal consequence","Concept"
"6f924a4364c8f9c85fb42cc76364af837ec08f97f6b7a7b0143220af943e9611","agency","Concept"
"5d3e9343efe02be0a310eb8ab3f950530648a062f90950a846f6461dace868e8","legal compliance","Concept"
"41ee0874b697439a4fff3d869640e87e8b94a972b9030631403bbeb8ebf91e9e","punctuality","Concept"
"5272eb931a0178430bf20cf01456308c48639fed5212ff9f59436ff0aa3bd031","consistency","Concept"
"cff8dfcc214e335fc370a0152286c7996ba80a991713e5fac8857f677219e7bf","혜택","Concept"
"82e7a5307ac0cb5ba2d017125add37b084fe8eb439ea8d91a939e2c26e6c327c","사고","Concept"
"5b2206bb83f822294ffd2e675130b852bc8d33e1d93967b98bb3582bad6625c6","원리","Concept"
"7bbe9da64eafe9e1e9b9350fdcb7004887e2c80474fd03aa1468b1103e8424f7","tool","Concept"
"867dabebab3af6574b3dcc4331855d22d027647908b69153315cc9f456ef1f1c","securing","Concept"
"24340ff15ab452ca54ff03df0771e153f303502020d8dae004eb209faa919d22","전달","Concept"
"39aa4f188aab72a2e66f65aa6a1b2a98ab438e961e336633cf71bb778e9f4ec4","step","Concept"
"c8549c2a356f0319e54342a188f816c47e187f15d94d896e09ed0ef8689f60b7","transparency","Concept"
"3c329ff77b0a72a4a4b1663e35ce7a25b2dd5f55a2f78227698d161dace5e265","sustainability","Concept"
"38f065660effb71beb2b7aebbc2723be002c59d6420f788782b18fe969955fbd","contract law","Concept"
"3caf83328954edba3dbfa00e2fcb9e5be5647514a30b2831ec2435bcf08ea725","text","Concept"
"fc374f4d8e85187b27f29f03cd89ed897f86de4e2bd17c6b685dd77d1a1564a9","legal instrument","Concept"
"e57b564f444155864cb23df5ce3ed6a105a9884eff5fc65e40d1a0105b5a5ec8","행위","Concept"
"6e363ea3b36620924e9fea5ef07a32fc5b0d0a437d0569a4e7c064e68972613e","trustworthiness","Concept"
"972affb50b73af2c6f0e355eabf0d3b0bdbb29d79b5a6f5e7059cca0003b5591","business","Concept"
"8342bb93ebad0865de0f879347228fdb0836b235ce4a7c1551822d4e4fb31cb9","arrangement","Concept"
"f71c341a5860a3dbd472ef04a13d6d0ea2b8dc3c9f4b112abb6c8e2f899f01b0","금융업","Concept"
"7b3358b1811c063cdec19390794a2dc8e4795c856ea851c8759a472943d2902d","conflict","Concept"
"ce2ff472b8525731686f699ede2c3ba1bdc08336a2ce26ef90ebd47de1c3346d","partner","Concept"
"ffd21d47bdd764447b00d2c09a7b0c84daaa41b0ab895e7970b9817213164291","infrastructure","Concept"
"2bec310392f3e36025e88c673e82d988dbb6aaf4c57b821135d16024461c1171","파트너십","Concept"
"024eec6cbdb9cd49d773c6a68ecdf45c2d2789e1048532c1ea0590772ea1e0b2","immediacy","Concept"
"65e77ef835f8e7024dad2062b4f2f03dfa88b6ec21808c32a3b94bc32f375dbb","credibility","Concept"
"bda5241e4d362a44dbc90078fb399c8dd4fa5fdddc38086eb0d594331b94ce7b","submission","Concept"
"f7d72c8e6ed32faacedccfb93786d1f67785c1894b472425d5e8bfaede1adb90","변경","Concept"
"792c29f08e2f10ea4a3d5afc2e56da9290e2ae0c0b4861e502143c732e444ad2","파트너","Concept"
"41568174dcea88a6414d7ccf34f154e1558fac8b357f964818ae2ea08874813e","court","Concept"
"3e65bb29371a345542c5fea7854f853ea5eff8924220711f7772ed39be1511d2","schedule","Concept"
"0fd90a2b1c8843af19b9cad93e0bf5f6e10e760dcc1bc1762454a0560af66888","authorization","Concept"
"72d522a4a18fb3e86d35d6b5c1ee78d3b70e1f1e16ca2613fd448a783c2830f2","restoration","Concept"
"b0a742b32435c0afcdc4f834a9b0a554107926e9b49615b2ac5f2dc3a375c1dc","avoidance","Concept"
"a8421719c8ce576323b6a3083ba93646986b291b66a1bc1820baeaa0e99d7e0e","인재","Concept"
"2632ac52dbca3ae36447ffd132ae15682bb6a9b5efd7f18ba6007ffd0d85f966","자금","Concept"
"e7a48ca95e5fd17666df94f05b2a3727f8ea136dd9e4c2edb883ef62f40bb665","utilization","Concept"
"f58c9322e450378c1efaa84f6dcd54e2d21b8484f6d586d6007ba53f26a928dc","dispute resolution","Concept"
"684fc95223cef6ddd314fc875d675ca123a50961e34b4fa7fa9b507a8f6e28f7","상품","Concept"
"fc140c86797baa4203e1bd75c396f5c5cdae50c96acf4e2d4a4a4fe3d10d71d0","secrecy","Concept"
"83f3b05659b1f63a829ec68723e78bd9c61183d6391bae93fda47041806f0c87","communication","Concept"
"f6ff274ada2667248eba5c04591542de8c262e77ec1296445fe7a684e0f44724","계좌","Concept"
"94720f9d37722aec59304f5018a7e284115bd46976d93d480b44ba59bb752801","계약실패","Concept"
"101e85a7dcd45012be51280d29bfd96a459b7f197177d20a2c1a45fb786f9cce","company","Concept"
"4480f4699eec50edcb6182ccb56d75ac8532cfe6b2676b6b57462913ced3c7ff","counterpart","Concept"
"0aa7d8cbed4437fd4bd7ccdefd7da537aa16e859f86776a3cff9bb30e90e3d2a","참여자","Concept"
"a24058a0a9f5450cf71246b20a169d50bae36a5826f3b43254dca281c7f697b3","거래일","Concept"
"0ccd8d66b106098b4193720ec331a8b77e595fd93b532a27236dc18ba10bafa6","법조문","Concept"
"1583e02eb424068b9070ae85e9dca0f3694ba648e3a4453176f67c21c6166307","liability","Concept"
"3fe5010a186e92b45915d37f96476caa5aa02cf4982d1a3eb7edfbe035fa7f26","개인","Concept"
"4cba40f777f2af2d9e93b1a4d59f802712a0709b4572b5e97b12e3a09c747f9a","role","Concept"
"7fb3292d6f68b99a3ee334f089617d24d769180e26692a4e5efc79c98d7514fa","당사자","Concept"
"0c5b5d288f7fdda8195da1b3113435df06c649d343f48262a50a2070faeb1908","timeframe","Concept"
"548e768544c744a6a54ecc644f3525287538bbc79cc6bc4dae61b9ae2bc89b8d","fluctuation","Concept"
"5b7dce7c7de4a1d6dfa48ffc241929e741b7714066efa4bef4f0d5bb6af3b998","문서화","Concept"
"aba9e9868d1f1c92e35fb67655b16f7c1f0d7662ae246db57902ce1110970c9e","record","Concept"
"50103847c1a0a980cda67707d0e58975285f3578b1b4e3a65fb898d9d43c4129","social capital","Concept"
"3108d51739c18f5bfac19b89b925f44c91d0d3ed0b4816439358292ccc9ece8a","위반","Concept"
"dbb65cb297f5a09e9f9087d2914fed426799498fb3f65c9fa3e3191978a70c6b","recordkeeping","Concept"
"496aa062f245db69f0ed08c8bae30fa09af9b8124b49275d83d29f5066e76b98","legal change","Concept"
"609ef289ddf92a6f414ab5f9c01d92cc643f4f14d9f0aede3e5d9cbbd176e6b8","designation","Concept"
"32e7a5166e9f21d1112ae948d05d85c599bd07aec6e7da93d6feb1ec45341861","attachment","Concept"
"fc51a81bb223a6f8361a13bc3e6321fb4998a5c4f8ebd68a26164bd93022c09a","기준체계","Concept"
"9c59f76e99ae4106d88e088f2cb06a0290c84f80147d034d63fc911d98c26070","재무정보","Concept"
"ce41b7a18dc3d8f244b3352e42568ab5d9079c969a4a2e4fca76167d422fc6dd","metropolis","Concept"
"a513777efd386bb4d5824d20c7e1ee699fb45d71da13266e91b6c904ad73870f","비율","Concept"
"b8c4d46f76e578d4f81a1ec780ab2c35c89cf42bf971bee0a570e70f69ae5089","법률개념","Concept"
"89ea839a9fec0506e9e242c138a46d4c6428b0594aefea92de2b3e05baae2977","legal principle","Concept"
"d35caf3a8bb9f0cf56d2d3655c65e55083cafe98482271acdca51f271f9c63b7","document part","Concept"
"2da27101b946d89bea683a70e103843a2ca92259dd27142213cf1bbe9701ff3c","통신","Concept"
"fa0be98ba99d029d73dceea3bedc69e804e749bd492009a76369ab6786936465","legal interpretation","Concept"
"1e7713e076a9f1a2ada76cd68f77fc644fb7a7971f794ad4887c1eb807d62ef6","거래 유형","Concept"
"28f17a9867f1abc711ba5132219f3c5142ca07d2d0f482352e6a72d246562ee5","span","Concept"
"c6e545ee3b0db96732d419b72af00144bec22f0cceacf7e852915d313f8e766a","obligation","Concept"
"7874ef3c4b7de82a41a9d57276ae2d5188fb225144f343b954489efc0c335d9b","현금","Concept"
"72a61e7d33d0beebe1fe463fcd5d24f8217f1d0b37c4b303ca30b2100fcb982a","termination","Concept"
"bd6883b59a68f58a49cf4a1605a10209768c70a30694e6ad6bcd9d08cc4cd616","speculation","Concept"
"ce3b0d23e51fda5e16c357c031a900535cfd595a4b01f63d32a71687d8c5b39d","보상","Concept"
"8cd02de9c83c78c596d7f9c56bbe7d06eb2aff6f55ea8137aff4615744804360","activity","Concept"
"73c56aa46c0f1fe9bbd6ddc456c2d70d8b34e69c2b937f0179ac5c3d9af1f691","clause","Concept"
"65466f692605ba8602699e7ffb771e5bff7f137973f04f445bc08e3d510ca1a2","routine","Concept"
"85e4b263ea1134c5b2529d6410d33c9a9cfb237c833b19c4ea26e45941018af1","설비","Concept"
"dfcf9c31322687985ef3150efeab8bdd6f1fbd46f1d2ea0125521998a020671f","disclosure","Concept"
"c83432e0f80ce36fc0cb1849832ccc11b2717d1360da3c2f0a9c5b27c26553f5","지불수단","Concept"
"9e2a259136bab2ff322976d09deb9cd0945983c47cb3a8ed5cf2daf4959c343a","contract analysis","Concept"
"12cdf9606574406b4100501784f432ca255173ef1f10325f308ba4382d60d539","analysis","Concept"
"c5df9c1a5cdae809260d520cf3e0fe207090dd1dec3a6ccb42f3ae9d9f893bdf","이전","Concept"
"581728741ac9405c0840086db40703a7318d985e9ff6ce59437426e5ae3bb21e","investment","Concept"
"af15fd27a1f42efc4a332084a70a0d8bc27efb6f4a3c9e69a5d546d44c242237","maintenance","Concept"
"07eca0ad2a7c767a427a72f90b0d189845b7d048436c7dfe34423ef5112e3c18","단계","Concept"
"75fdb8570d272c93a47f53befa4a769e6632740126bd5593d535cada6d4f8e00","terminology","Concept"
"f1bfd7f9cec578258939ae48784fb5c597334cb88ec28d334a194f0a870a050c","indemnification","Concept"
"feafc094f119395ee0203e03b05305017f2cf3e6ad0b60a2efa18b032dc353c0","successor","Concept"
"c682dae1c4e70b2be8caffa3af5149f801c8887247f26ab32923ed7bf1320175","inevitability","Concept"
"55b3b617c1170586cbff49da8b20b58b058af0730a1f5bff7237b79c3cf2130e","주식","Concept"
"6eaccd94b2318f2db4a5fab7c97ffe834a27ec33a65e2b74a58243c82b4c50ba","증권","Concept"
"26459b8fc32cf21a8bced338796dce2e5a252bbf656cf28eae39eb3f3636badd","merger","Concept"
"2065739d7ec99505810f309682781e04ec610840fd7ef77824d257f79e40ff38","request","Concept"
"5313b80c4ece095ec4b6b6e45e4957c2e5793b6ce238e183b934c6bcf2110004","금융","Concept"
"33851bdc4608da7542753e9edf1dc2e95d670ff864e26a1f3353279b2b0ef8c5","progress","Concept"
"716b3c650f4b676f9d565777f5e1ca5dbe63f14152a3412fd2bfeb686d1679f1","integrity","Concept"
"06460f383ef0d9a89e21442ad65a40ff9795cc2ef316ebe4958b4516e5ff684c","transfer","Concept"
"a66914c16911e6d992f1f1360deb4ce3f1e41538a92266db38643baa409aa3a8","delegation","Concept"
"65cacfd49477ee071f8e18493b91100a393be622c6226aa13df2465793cce7e8","finalization","Concept"
"c25ab672c7209e0baa248990cd5157118e8332653f29113be1eff72c0afb4ef5","기록","Concept"
"1793a338d883c3174628bda41de1c40a8956e795406ae9749865b818f1b40784","operation","Concept"
"ac79e433698096a3b0099d91213c7bf509413823f8be20322627e708571b448e","관계","Concept"
"19c2b735eb82dc9be76ad19ea96e1579d098e207362029b1dc870ac15b811949","지원","Concept"
"d932abba6a6875901dc33659833affe32ea047ad3151a5e92cddeca22349dbaa","specificity","Concept"
"7c58479b6992ef43b022b8bc26ec6af326227e79ea03bae4c17ce4648c4ab810","officer","Concept"
"9b45e4a732eb67ecd7ae7f0f86ffecd175dbc801dcef90f29f3d9c375fa9d8ff","결과","Concept"
"9e69a1a0f651408a296bbefa7b069b6ddad4f070ee9897f2c0e42f0929f51515","구매자","Concept"
"d2a1d48a8e1ea0044d045f6d46f1d22b31c6d49323e4ff6a56e98167c2662e19","금융기관","Concept"
"6a9c134646fe634f485309a001769bd3f1e9ed8f2788828f7906d0f3bc070fc4","legal arrangement","Concept"
"ff0292650bd23190e050adcd54404adfc28042e41bf32a190c74de86093895ee","문제","Concept"
"e82f6dcd792a76edcc5f940828c553bd8881d52ea0ad66244faf92ec179963a1","form","Concept"
"3e64f08989d3f61922c0ba2ecbf5e4509c89b87f99fd944d7c2ce7ca2844813d","윤리","Concept"
"e208840e4f6f25e9e4e0d772bf6e8bec6105672f374eba9628356d4ada04acb8","verification","Concept"
"d2af1643975e13d2b2388ddb154189ff97b486e9a8bc7b296b73cd892ff6f4c0","preference","Concept"
"b0495824579d0626e7ebc28d778dd29d97317a02d41b6b762c1fd4cd0e101274","experimentation","Concept"
"9c443c3e457d605ccf835afa0c2222265ddc806900233bf7635837ac757fed4c","체계","Concept"
"eb2c1ab0123050e5db8c3b3f6631c2108fc60d589d2f0d21d280c0bf037c13ce","terms","Concept"
"03e841c7036a5156fca9557adc7679ea19a9d2f74a105a58354adeb76ab293a8","legal act","Concept"
"4859ca7db49490cac989dbfb2ca8c31c3564727a1e78bd9452fce270b7931631","information transfer","Concept"
"6aa05bf331581afeb75531fb7eaa33603a5a452b6b202447d960809e04085efe","조사","Concept"
"3751ab7b84dbb2233388ca2c8d58c58029ca53975e1a3d208c3ed34c26c6cfaa","post-transaction","Concept"
"34d07fa7adff7cb02face41b8613bb8d19a4e9b9c65d85fcfb58e119c16dc96e","legal area","Concept"
"bec1e230185ba0224e32d020aa2a38a6457e30d8f3342d01da21f5d57b28f2e9","신뢰성","Concept"
"d5f98fd700d7a879d678875aaf29d62b0f6cd8bb594400f769b4b49fac502157","인적자원","Concept"
"2f2f46c4f290cd73e8ad4141b7307563272e6b3f7192cf60e834f103077d0445","updating","Concept"
"f9b744b7084c298d712fd562c232d1a3ed6e186e1b224a5ba3718e240c5cf947","reservation","Concept"
"20dbcc67f048b1f80b63fcde1c4d87b72fd4f2683692211aa758a18349519cd7","legal scope","Concept"
"68e42a0fa446ec464b55d2b0d02ee660cf86aa373e906ea0b69408568f0cc26e","signing","Concept"
"6f53134a4ff753b6fe171b42bea6cc1afbe91108cd989715255048eb5e44a4b0","손실","Concept"
"ce965d8ad9a17e5e95024e10d6f72d2e79824bf35e6a24f7860cdad0bcc3ef3a","legal event","Concept"
"727288ecdc065d118632101ec462281dee55039b240f5f7d39bfe11026554599","cognition","Concept"
"458799e806f384d0a4cdb0d4dfef66815fec23b6710d8271676d887afe6be1d5","adverb","Concept"
"a2cc4449d12c112444296deb5326e5f646ac451d95c4a97e719b9de5fec0f5c3","계약자","Concept"
"78b713314d01902898f93ac37a0d11a5f04e6236ad6006d35559aa9d4e42f8cb","법준수","Concept"
"a0c5a9324b5d412590d7a642a922215b15c6f08e0d68834ab2653d21dc1beda5","조직","Concept"
"19cfca50b0ee077e1a90e7f39f869a2658f515450ff03e7763b3ed78bc3e1203","perseverance","Concept"
"7e83240809dc384c53772207b0961285f4a9699867c51eb673ffd242ad91212a","archiving","Concept"
"d637469ff7bb7a528c38375ecef3e148f7f892db35fc510f26082e0c94430e45","law","Concept"
"a796518badfe696ce672fd2f9e5510b723216b392f08f90a60aa65b99101de07","자격","Concept"
"93aa99e87c1c929defab8a05a92a3eb9284b0bfcffb4651ccae6fced96736ee6","diplomacy","Concept"
"9bdd53a825b9b9637228a5899f1054478c687f4a210efe8b0154c15536fc9a81","financial decision","Concept"
"acda77035a31b57edf8c8abd4da07c273809166327ae3a25f34ba30f04dacb61","intermediary","Concept"
"64001f8818bd203d92a13e915655f9597a64f4c2ccb0773aa4c410c7b5e3b0fa","법률 용어","Concept"
"5abcbac2b75af1d8e1518532d507c3cd183ced52201b4487798da677ce478b24","estimation","Concept"
"6cffce8e22f4f081365768ceb83c6e0adfa99a243a0343f2dc51140e152139d6","group","Concept"
"fed16862f9aacb2bd30e39e8f8d9fe95ec251c4bace984f0dea4ee1e7c7af199","concession","Concept"
"3455e9f8e3a7669485291768a177216632772ecb72d97579b334efceaec69399","generalization","Concept"
"baf2fef42ed681d5507a22257c4fa463ba1fe53989dd5448bdc15e4b41894404","cessation","Concept"
"0d0e23b35d9b8139a5f3e180fefdf987c4eb41e4a80303c128d980d29be3e3b9","supervision","Concept"
"ee73d0ab0586f2da62e0b44906d8d9f73b8030d065ac7e752d90a1167c418f27","coverage","Concept"
"69b11969ed6ba7963defe818b547b8da769e5997d49dd83b3f312b1d93cdb921","outcome","Concept"
"9a2399f3a38a8f36282c0cce9bfeacb0f9986cf6722493e684aa02a7cbb4a67d","conflict resolution","Concept"
"e4ff3b4bfc4489a2d6123772174de6e5aa2503bf9d7396fc677b597d87fd353b","continuation","Concept"
"69f8174664be1f9577c0238b2932f128fbf6e0909bc945c5b8dc8ad8bfb85e2b","negotiation","Concept"
"bf04cb3e6cdf8ffb9cd46faeb696bb421ccdd621f99984668f9f61430c3b715e","평가","Concept"
"1e066fbbfe75b65af6bc534ec646fc7671026becdf669621efd41f1c42e0df27","법적 주체","Concept"
"fd41daabff111b5dc7a499c08fd274aae0bdd8a08916cfce72491a9395bb0020","관계자","Concept"
"3aef5e8cb218cd8149d031dd5f0e72352d880c0c620f95bc390600f8d3ee9932","authority","Concept"
"3e2aecb6f773252180ecb4c238c259a7510a5701c5281907a5270c47aa65efe5","revision","Concept"
"6421b05823595189f0dea187ae52bb7c67bfe9ac9574a55f016a6cea302135f6","민사","Concept"
"aace7e1270932ad6866f4fdd44df00120d51e50c6c400dad23f320d254070897","이론","Concept"
"cefad2324188acf85a2fac5cb1903454c148ea8530e2a94f05a9af5732054daf","대상","Concept"
"4311d817b774a741b72c7e895898aa444b6bee98ee6fe8cb75aa33fb37017483","representative","Concept"
"da5ff8f249a031575f67bfe145517a85eeb20113dad472a1cba4bf6497f149f0","법률","Concept"
"d0decd42cb112c23fd55f09e3ef4587d9092e00be33ec7cd77d6daafb242df70","의사소통","Concept"
"fe356d93ce63d17b29a1a70378992519d33a7d34131e2677297c3ba62c7a6dc6","non-action","Concept"
"dbda36000dd5c0798288d8c020cf0a32d5d301e1978432bf1df2cda0fa3af94f","district","Concept"
"7d6c148c622b4f2589eaefbc96983aa2d2d7f0e33dd7944a8a0b2b8cd12ae7cc","조직관리","Concept"
"41128f0986a3f2ba8cd5997e9f41043984e183e3fd02150fe4c888b85e7d44d8","보고서","Concept"
"1fa20331e6cbb9a0fb0c29689305bba05936f5eb54d9082d12461e9b661ff818","면제","Concept"
"bedae7a3522863f222a457323ec81b78e228c42948ab9209429c3c687c960ce3","appreciation","Concept"
"ead4469ca46916532d596685e1cb64454a5068b1475343d4c1ab26994846322a","프로세스","Concept"
"682e072475f867409fa5c54cad6bc92b4f55135fb61a3601b4a1184bd226cbae","경영관리","Concept"
"fd2a7dc39dad859f1a794d0ab5d2262bcf491bd866625efd3eb5af9512fb2e92","담당자","Concept"
"4324e615d74145e71d1e65a30448189e67e6f08fce9186db55ded7c2a459c122","speed","Concept"
"4e522ce534e36d5af822140f83bb8ef249731b7d210db1ff96e3d2c390e1aa26","change of ownership","Concept"
"2d95ea2ff696893e30a6a42c9d0e81905eb76cd0c0a02cbf96ba9ad2cb08a936","misrepresentation","Concept"
"dd1a54b0b7e1141e04cdb82d3a19e6913c1264cbe880b346a062d3b437093acf","written communication","Concept"
"bd66a2a6018530c316a776520694689c3104475affcdf74628cc80018cd95d0f","규제 회피","Concept"
"7ced0a92d2ae58ab1162ba5f5dee3856597cd4bd8452efbd1e0e2d4c383d8a22","ownership transfer","Concept"
"46c3207f87220d3919f4ec3d613319bfbf6f8f0fe8a5b4edfa1b724a629c0659","delivery","Concept"
"1fbfeea822308a42747aa88e32b4467da258a792cf9625edf61e91f44a21d513","이슈","Concept"
"db7824686538757d418d591add66ccafcd9c9807f9d81cc894896e3d39be992d","uniformity","Concept"
"0e4df1400d83394c6a3e80b56315d0f6cb9e8f198deb790938f11d0ae2fc89b5","이해관계자","Concept"
"d3c70ef1bddc341aea72cfa3df7f8886ab78cee51d9f607bd401eb44e5078721","phase","Concept"
"f3c7ef8deefc4d38188d3f36ff754889a144118889eb2599bd191b514cc64e15","trigger","Concept"
"0b893e18cf48e39da90f7fee252f03ba3cb0a7466318380a8ff30addbc78ab57","allocation","Concept"
"4e2c820f3b0100efc6545d4320794bee6f6a743c669974858de4c61547b00d90","partnership","Concept"
"cdef58df0b62fed8a23283946a6ddfd50feeab36f1397a431ab67ffb985e240a","noncompliance","Concept"
"7fe17fff7681fe494df372233b7e9e3643c40f7f42a92385c828b309b99d8e64","agreement lack","Concept"
"1d4f15e5182e6643843d9c10b5fd49f0f23a5f4e4d20b3649227ada85fd60b7b","normalcy","Concept"
"d8750bb4fd88e164d5b5221d55acacf5fafe0437298235b57d8c0da2533503e5","소송","Concept"
"9b47d34af452d543add699e16ab26785032d23957ced7fb20643bd3fbd4cfe3b","equity","Concept"
"6843338c30e54b9ac81e7cc0164a5fb526a94cea54536c96d21147a9d81d9725","logic","Concept"
"778b468f72fb6f3e2b440123eaf9178a5cc45a48ea5d526a252b3d268cfd244a","immunity","Concept"
"279708d8f6facb935aeea1c67fb0d7fe63c41ccfedd7fa4905365b2d09813590","permission","Concept"
"883fdff6d277ad5568c34f2f576e43425c564a715739b41a4ec83d406e1d10b4","payment","Concept"
"e6053f8fa9f2c2fa92e98284d32fb73f5fe70d1b5a89dc6daf4330a42367820d","legal concept","Concept"
"0ab84ac7af6adcf6d6bd5a17cdcc7ab705a42b46e4f45a45b54333e28adfcbe5","necessity","Concept"
"386497b966e31a91bde5778a621a2a726fa17b955296c13d165e8215bccd1655","의미","Concept"
"36e31838ee94219cfbadea265cf4a5b95562bb6ee2b72b67db13e237efa0e502","지불","Concept"
"a3f1386e7a58e07b199326603921df368a2ab454c6ae743f2b3d316844444128","brand management","Concept"
"284350012c6a839fe85474703ecf59cb9f83f802afcf6c446e2446d710e1b746","legacy","Concept"
"ff19aa5026eaa9c14aa0ca998566b08c099e51b652150e593286396ca326378b","possession","Concept"
"32ccd804d008ffe5e6edee73b8b3007d9c98539b7e83e939c0474f6befae12ea","legal authority","Concept"
"ff4a6bb145190450b46f7984d0c5ca978291eb670c05476f5ae93114db605384","establishment","Concept"
"e9b154398d8f4ac3c17e09632ac25cb838f9317e2d9126f7e55a3e0203070183","stability","Concept"
"8ad710103641af5f4dc019c08eb80ad6c942276e28d35c41b3db35a5006da58e","resource allocation","Concept"
"0d1b30219cb5a44baa464a6f0fcb83bacfdd8b4498eda2c254799e6d2a20b3cb","processing","Concept"
"991f32602dbbdc828960f7beddc98694825102b4b31ba493241b59de6eb95429","동의","Concept"
"1a3b854499fb7277178cc4db90b87cfb69657e69e385b4d069e1706458cba2d3","legal provision","Concept"
"30f07038de4ece6d1e8ba6046329d681bae8355eed59ce493981d84ca2b08128","appointee","Concept"
"640ac5e7185814fdbedbb1ce5ece3a48040b2bcd6016012fc45a0e3ff7550351","legal decision","Concept"
"e2e901764217a94760f541b447dc22599fc49ad0ab5f4606bc1772c9b193f002","information management","Concept"
"1720c572677bb8910fd8efb01f23b2d519415f8c851ac48399a85e7debe9f4a4","presence","Concept"
"cc9dcbc3f832c4ebab6e37593c88fb559e1e8bdb8fa0ae9e567f159b5d405b9f","norm","Concept"
"503dce7aea18db0332271a7cbc8590a9b1f7e81e8f5d03b79585076c784dd0a4","참가자","Concept"
"b96cb1c1003e41e5d515745df5e20bb40023f31af694d8c0138f22cc27868b40","document","Concept"
"ca869d13a8f2c62f7928ce5849c603a249692182221d055f9a8427cc3b1bf8c1","compliance","Concept"
"dbc895991c167dae47667f18fa5e1a6dc0c30f7f2a7ea38873e6dad2e787c9c5","loyalty","Concept"
"99f9e8ada21b5e2e325517ecfa399980cfc3102ad529fd763f65a3ac4810e052","teamwork","Concept"
"05aee7f2d3bb80f8ac6d81c83eab01afcacfdbf3c19df2788310cd74aaa6d227","날","Concept"
"2c9821fb14644047983ba72e5925bbd9e1fdc1d9ac5e4e2ab299a850095e216e","achievement","Concept"
"d93d880991c3472e688ec415d84573841dfcdd4d158daab61e6015bd6fdb1e6b","구조","Concept"
"8a09189261437077689eaf9bc1fa705f61d241c854bf6e623932b41548363729","acknowledgment","Concept"
"25caf994ca060dc691f66c11c47c39e59bd913c491f67f7ffa1b46de876e863f","law application","Concept"
"1de7dedbc9d8f99a2607b89dc6cc57e26efd74b87b1dc14055fe0b9649aa4453","조문","Concept"
"06701ef665f179da17852fbbc94cfff987b568d84fddb39dfdb7e6175032c9fb","합의","Concept"
"72e07ac7bffc5912536bd21c369a3f7ae2d29dc8f539b31e06f319b696ac40d6","power","Concept"
"9bff8f52f6f70e67cf63f2fd19f92efd3bf4aad586863b58c05cf8c9f3196856","legal liability","Concept"
"05bc51d89d206df5c9bcd1978d4e12e0c7138785844dc139e8a7f5832f9f014c","일정","Concept"
"e9f2a00c5e42201f518883a443083a5c08eaf62a5d60115b9006e05bf667f988","law enforcement","Concept"
"2d91fa25312eed7b720bd4e49fa76a9bd7d7e2a5c7ceac381452e746091d8434","readiness","Concept"
"8bb0dfc18fbef1a35d13cc7ec65835984519487ddb5943bbde447fd05c48b376","facilitator","Concept"
"6ad68bdab074a3537aeb68b010a6d4ad05873553c160879d2ed99f1281d6e4eb","article","Concept"
"1b8357dcb40a6f5660b84583d30276a32204a3349abf19160697fb5e9ab9bc3e","management shift","Concept"
"97aafb6a8b45310740597ce053fe5009db25d21fbc5cdbeb2a208fc8b4916bba","consolidation","Concept"
"304831931bd292b8dbe65d57c8f937f04f11d811ffd5941cf7d4db8e0d695166","noncompete","Concept"
"8a251d48799556dc2ecb4453ded5900c4dd7ff852fb075fb47dbab20fa082940","stock transaction","Concept"
"0b54c2d24428c63655bca021772a99a73d844258b4cd34d9fd4339d7bf129e71","notification failure","Concept"
"e6fba7bd7cd9fe44e2a084e567044221e75b459ee2b413a7dd5c656923cf5059","principle","Concept"
"8023395bee8ece73335e456343bb4e8f767aacbdf3d5da3f8d9c92142b3230f3","reparation","Concept"
"9b0c61d1346dd54199583d13c8c7fea46a28c9411afcb3f2d70a8eaf3dcd62d4","시스템","Concept"
"b2f0d003d779753b075dbce82e0bbe53dec518a6bdf29fefaf3d2514bf0e7f1a","connectivity","Concept"
"dcc0060a95a562b7d2ea814d4c8e0c608595a3587190e7912e794c29c87cfda3","administration","Concept"
"0cc0ca62a1956a5f35d700dfca2ede2b49772cdde73fb649933106fad0a568d6","확인서","Concept"
"e7f705ce26e1d62d02ee7b12369684855c7e4e30d0a7f5375aa8eee26b31c9a3","informing","Concept"
"497e46481278f82be0677240abc33aad8f413afcb0280c591d6eaea8ba613b4e","조건문","Concept"
"902f64ea508886a915d38d86e073f25feb240b119b1015f82a3ccfc0856dadd5","validity","Concept"
"86417dca7c35541c4b1a2a048e654e4d662996b8ad7e44a4d40e50c94572f1aa","inaccessibility","Concept"
"d280a6e21178ce3e4ee1f9bbfafcca46b0406e50521d72ac084e60978558e0da","categorization","Concept"
"a2bbaf144f1a89064f6e7c871e4228f96ef2c05fce015115ead34de98dfb295a","stagnation","Concept"
"6f6960a47310c2c6e2360813148cbd838a8fc0995b32c3f035f8fa4c27ddc3cd","효과","Concept"
"377e14e71bd7c990ec943ce1cac0e48747c73da649af328f9c81bca1d68e48a2","정체성","Concept"
"b1d6088ce7456e1812324041115ef6fc4eb1ae4fc8f79035763bc481f7ed6ec2","financial instrument","Concept"
"9fd0058943e1df514d893db8c835bfdec2bfdbbc2d4a900d1497f333724739e5","continuity","Concept"
"5309f77bfa00fbd34804bdad5fb29a6645b19897943283f3b6cec2e96537f024","상표","Concept"
"34e50206031141ae55b0953c5410092b91da703fe9577710e9cd63ecc28a055a","persistence","Concept"
"22df1ce6491b5879627469e4976b0740b085976b49a50b4069803f18ca43589e","completion","Concept"
"7301badb93d9b543fcf3d03edc74488206bcf0b75415df8e94f373a2e9c6b84b","technology","Concept"
"c42790233f1d0ad8477ed4ce0ef0591f429185491916a2cc0ddf2ff32d9c3313","issue","Concept"
"e421cc2bbf4d431af62ab013e4470fde15ff561de28691a12859971d6ff4e03c","provision","Concept"
"f916f959d18a6a5eb5dd633e3b82bb253ff0e9d56f7510a43c6569ab151691ec","서류","Concept"
"f2c7fb92fa75b8b73b50108eb1ecf3e124182d672a6a8f6a3cc65d6fc94e6ed8","habit","Concept"
"69f8160e74010404b13a71bc0036f2aa6c33ff1674af505fc573ad22593804de","result","Concept"
"0628fd15c71661d7c50a40fade60fa7643f72b54ce95d7f5eb2c0538f092b641","구조물","Concept"
"28a836f663fc292ada2756f4eeecb24bd8e85f659d341f56073c88d385e830bb","계약체결","Concept"
"6493f8d39192082fa9d3f96dbf5e0d79612c09d7f20261109baf9e34eec08c0d","location","Concept"
"37de2bcc725de0bc92e818093f2ff131af3b88ca8c2e19c4fe01580f9d7deb3e","recording","Concept"
"61fd53edbb3e8fd5243e46b44c43fd6d707aebfab1e004ea05d5faa44016b884","development","Concept"
"743f742bd70bae074d352d8b40ea475ba6cae723578c313d9ed3d330b1736e6d","gratitude","Concept"
"53e3ad797fe675cd78d05226900f793efab95edd39002cd1c8f0d2e8fddf4839","responsibility","Concept"
"941a5e77a0a4bf29d2dbecb221e10b01b6ab91dfc836c890ea6e38b3a4c49dd9","compensation","Concept"
"ec4c0e88abe0ab3c81c7d6cf5f7326cea5d463b09eb5c363c205ce5c0d0c5e55","legalization","Concept"
"2697421aa7de8e35c97c022dbf0dc3f7acf16c2cc4cb7b04097280fc5538fd52","remainder","Concept"
"982cc6866de55546deff0dc64ab76285d4b8412fefba09aba364877c3e161856","duration","Concept"
"74fc98d684d0faeb098da0e6038b3f6d68dc118257844ac544f893792f7fcea7","절차","Concept"
"d52082d38493651f0ecc6d2d6f08b198beba9b0e72d09449aa9eac7dcc4bbe22","due diligence","Concept"
"b75b93e3b1a0f86351115afc7c571323d28b0421e2f3997c557380fd63c312a2","possibility","Concept"
"52bdab4d593d1eab069bf8c83da22c4ef4a67a706e40b836493712c4e87772f5","구성","Concept"
"6caaa70186827ae2b5766250b0fecc412c93bf3658ef6052c1ca826b7f17fc60","재산","Concept"
"0363c4dd82f8842cd2dbb254ea1c68c537eeca63ee00cdd7bd41d1a12add5ee2","regulation","Concept"
"60ec40cc08778bb68f06d96a3e41062f75eb98f0a5be773e859c34708d45010e","party","Concept"
"5484cc8b5694635f4dfa72aabccb8b2dd744fb24176b4b914097411727423031","endorsement","Concept"
"cfa43c7b7ddb35942ce373abcf05c995d9409cacf6f9bc649cab9e58c8534b19","legal basis","Concept"
"c46e74392bf9165d4e66e1eac469ba8ddf1982010dda20079802306c7b0568dd","logistics","Concept"
"e1c974c8af59d939e4712ec7603775f32b6abcd73a9d3b4a6bf6a93589f44a87","contract fulfillment","Concept"
"26bd55d94abdc9cac13ad5731d6d564b8558862e8515e276ee3f0e7bbc309112","formalization","Concept"
"684e04066c19fe1718491e4f22788e7c0141d5a831312b02bfc4f7a75e1f43ca","court ruling","Concept"
"f9dcfa8b86caa58041ce56732f69f24de9f931022ee27cad7b41751e35937db5","rule","Concept"
"54803cf097df61916f02c01daf9a41932c61ca6b86866986865ae6443d3f97b6","label","Concept"
"6d34eefd178c15d7b1b37b51d218bfc482358dc768b1eebcccb39f11c5e28c0e","인력","Concept"
"50ff596ad05285b65177f6c7675e01143cf57c85676ed7f4fbbc776e01cc28ba","청구","Concept"
"b263e295ca610c5276650a7fa08dea729d7a95935c6daea47e76e341271b94e1","단어","Concept"
"fd4159492978dccd4a353798809f822945f4ce5376363f56f5d782d6880f0a3b","증거","Concept"
"09f006a32437fce1bbf7d53a50854e68a54137205467d174d414f4dd747aa59d","ownership","Concept"
"ff6f558ea77d63d5287518dddb39a11af94f2f69aafad690d733bf8920d3b002","warranty","Concept"
"de6b133a5b057f06cca2d11e71ab4de025d0f1e8994c414480f4bec132edc0c8","situation","Concept"
"afde572851cd03b0afe40f703ba84b0f6dba51c2a2a8a49a8e00c4e50600f010","trust building","Concept"
"2c97961864f416052a73c4d4427f2da5f4c4452f7db91f876c977bcd46fd58ce","present","Concept"
"5a93b535c1618ce0a2ea39b4789e69d426648f7303a594306dd6aa5fc1853146","removal","Concept"
"98b923f3c3ec8431ab6245c1ab0bd2a0a6918acc8e040012dca7750277d6b236","business transaction","Concept"
"580bbec55ba796bae05e664d07589d63e05793df5d0bc5c7cfb5a6d5b25ba05d","science","Concept"
"4710d474d2e88026be035b09307738dd3eb40ea8b2879eaa04f43460d029d37f","neglect","Concept"
"ed75f62b0dbf76c123b0d0cdc15a649abe1a6022377a4ed17918bfcb199cb1ef","comprehension","Concept"
"cebe41beeca1ff14438c3265bf79eef2077bff963be254b88c3c8e603f6bef8f","right termination","Concept"
"acd2a4a2ebb2622c9338a70f7d477b3f8b1a35b2aa9b67eea8a54a334b25355a","duty","Concept"
"d95c70cf99d1089b101367e027b52969d1475c0db76ac83ebf1c465429029f67","지침","Concept"
"45dff5f35f4b00243d315d9d84ee1cc99969d9d4c62ad3590d45d7bd0c3fd00f","authenticity","Concept"
"1805a182645cd64ea9a23a57785cbcebd8ea19044cb4bafd83dbdf1f75f58052","approval","Concept"
"ba44f46e25bf5350dc20b7832a44dc8273e74d6bca4a0047ec60944d6c70f823","occurrence","Concept"
"f93ae13bfa06922ec87d5e439e01326496703337161162e57a6ecd6cedeca5fc","이행","Concept"
"3f48dc0cf7aab014f32a3a67cb0e6b0945fe26c90fb7bc4ed8fec566604c5bab","autonomy","Concept"
"4d4e2d8dc2f0c684384e71c08d2912dbbd25e95f19817166eb635b33a034e3d4","약정","Concept"
"e11725146ae86421d6501fa8da8fb2083a6e4a1818d6083238fe20c86607dda8","interval","Concept"
"c5be9c0b65da294b33324d325bced9de5d743392d89ebbfef80eb78ecf04e8f6","safeguarding","Concept"
"5bccdf1d490ef0c3ab3e0fd4d45021529ad62f30775817998a19dbd6d5a0eddc","범위","Concept"
"05993b70fb3cfe8764221b15f8aaa151022da09204d138ef3928275c2bc795f8","update","Concept"
"e97ef330da160a8995b7f9d875c4c2f3842aec11710468cde21c4f637dde2d77","원칙","Concept"
"4cae88eba890ef4e7d168a9d02f3498e60ad08e503a711aef98683afbb6a192b","mandate","Concept"
"ae8f3243c37ee142b4100c9c544e5674ec1b8bea22958a5cac7f7e2daee615db","innovation","Concept"
"84de4a0317b855d26e58edbab324463d2196d16c846b45a1f1be2cbe31a1c359","준수","Concept"
"c7526dd848c139bd5d682f220d518251160bff07b324f26de29d5eb796ec46dc","직책","Concept"
"b35e8d561db50ebd61b37db34a0a22c3331de59173abe80ea8d5290184920227","modification","Concept"
"55dbac726e0362b414c77d7a42221737612ed2a8519487d1b06099299b3bce93","우편","Concept"
"94f7a7773ebbc8584a8d46de91a18021e855926f08054c54eec16e206cecb3d0","국가","Concept"
"2f52ccaabb1cb3b5a89ffdb56e9b956440ae762341d273d78daeb31c325886ae","인식","Concept"
"fa18c7e13bd3b774f2fd64b7e58be27342eabad1d99ef807d47d71bef61f1f2d","editing","Concept"
"e64306eba3df322d9735974ede34c2852cb3c0c0d9643625d4a8f675aa4ad3af","개체","Concept"
"0e9f67584191cd21392f6559c25b8b3116552337b03ddad0c30b70ff12d80e6d","wealth","Concept"
"f3b2af515db51c087ae3cb9e2bc9c9ed2dda5f46de0187f4ec98a1e885990fe4","incorporation","Concept"
"33e7faeeb10531fdef7e0477a6fb6fde5f9ce1a526a2931a244642e4f9db03f4","지출","Concept"
"b1e2cd870273c6f9d891f6c4c457fe9dd4d96bf954e8c280121284ff6ba59bfc","disruption","Concept"
"47729bafb8be4cfa7ee39d7f5cef089492391572fc09d7ae189299fde1a8c790","시간","Concept"
"774ea1f02ebdbea3d8e825b393a25f7e225902c905e9666a8b87f81b3c0844aa","statement","Concept"
"32957fa5e15defed799c38f9c8b1542b49843a5cb069068dc4313928a113ec4d","제한","Concept"
"e95d0c07ca8bfad8714b1827d3ed06e09bccdac39089725f4571790a48ab9fac","formal process","Concept"
"94bc1e19345916d7d9206b46625771e957699f52c12358f19cb4612b60f38b16","language","Concept"
"b637c5b668e4d1ef0d3ae84dec54862f038cc43da28434be8099f557f765ebbd","의무이행","Concept"
"d66a7ce55ae8fc464217b0565d8cc0a9b7f6556ad73fdf65e7f3c8518ea8743f","justice","Concept"
"84da57f6d81c730260ab3782f12d5c2e0a6e50ee94cd1d9ed81d0e1c0d1d0399","reasoning","Concept"
"0b39a1d0cc84c17269df10e2e2d6972bc297f259e120ec77e67b045fad7c5bb8","소통","Concept"
"bd3b60a22df0715336e687390ae830f94def9d1286fbbc0ecaabe48624937fdf","function","Concept"
"f002e5abcb1d4230315294ed1c66ae771cab9637139c6228b763c2183c2ffa13","delay","Concept"
"5f4cced806f20171c4699acb699cb209fc5e8f30333064d3bcc4a710a4cac7f3","lawfulness","Concept"
"aec662cb09683636aad52807a12313ecd4ce8e570206686479920dc4298d4de4","납부","Concept"
"aa7f75b5a9940fab30fd3445f9b3cd5ef46fc58511fe87734bee57b2324d894c","cooperation","Concept"
"42c6eeb5edf2d9248ae043ff7f94fb3d6766eb3294ac75ab4662e2ee9130be24","foundation","Concept"
"ddbd7f34bc1dcd9bd50aeade482edfc2458c0ae185f42e252eefc98747c7cb98","settlement","Concept"
"842f4e68d740c0b0f2385e8d5ff3d909f79ec73466e27fb8990f46838bdcfb8b","relaxation","Concept"
"ed1525e4643634690facec469661927dfa2369d5957716107406cef72c676da0","task","Concept"
"d4bb01d3f30de7b4a7fdd0aa70da281b21ce07983a7ffd7aadf1bad10a351ae5","fact","Concept"
"04137d01c7ea8204044dd30dbe8476bd87d9b1b0ed30b1dead76e78b446d7b1b","notifier","Concept"
"720c691b59297f2122b65c68c0a552cc1d18799358409e25c1829979c0bff339","revising","Concept"
"55035f24dfca26a8b04ed0558b7c6b8c827b968d85505770436da2afa96d4c5c","accountability","Concept"
"49bbb5bac9613ca5494d843c377e4d696c9b4e022b6496214b8c76cdfa7d82dc","날짜","Concept"
"1aa70037b514a74004bab904736171a73d8f311e86e55c52e86fbddf001371db","organization","Concept"
"6021b46b5dbb78d4713178a3f128a6ee7ae2da4ce16e6d58613f65a8a6d8641c","justification","Concept"
"83b9926bfa7c138f5d98b35987c9e2f446354b031938a1500dbd5a3e59b05a43","extension","Concept"
"243f69f7eb52b6f5263619efef51c478fa7a1346cf6e84fe284b387162e8845a","위험관리","Concept"
"e66adb43738b9a1b041f2b9d72e4c8fd0105f0604dbec5784b0016a153c7b3d8","이름","Concept"
"3cded4c9c837668210811ebef06aef89a32bf96d635c6f4caf24f7eaf57742e0","채무","Concept"
"25ff7188f58d972f4f345a5314dbd7abffe9354197f2e6262f96d60f8bc64ecd","행위자","Concept"
"4b72350e25ba35927abe93fed556ef9cb31c275f7a3a2a79018bc0765308c0ae","책임자","Concept"
"aa7ef521e192eecc1db305ae74b50055894927b4e6155d100a8fd0f1702e92a0","doctrine","Concept"
"08e948125e2418bb8a4a782a4b3b7359e84a49b100ebbacddb722c8b131c880d","procedure","Concept"
"fe3fd2de2494022da75f3bd194a96f7ee8278b913fd0d130a8720d09184e1c57","workflow","Concept"
"6261cc73ac12426ac072e7b47e679f4eb24d563cc8c876d1d90bdf0a9ff2ffdc","양식","Concept"
"ab518d2bf7883a70d72605d3560a01bcd62951f877708614db1219a77079e56e","corporate action","Concept"
"d54d501d72d6124d306796f88d45ce87a302e6004f8c42bf84dfaf65b1e76f60","권한","Concept"
"368ea9dd3407c13350e8f358efe43c508dff1e0d365f307b6f9ea99033ad198b","reconciliation","Concept"
"1bd11aa63dbe3cf323730556aa8c2e30a5a72d13660ff45be2b205b157a4bf2e","의무","Concept"
"a92299a06e394b6e9da1792b0285eee054bbeab948174a6e74d07cd696354286","prohibition","Concept"
"774cc15c968838b451d4dec99d07a4b2a0fb03f92e97fcc6edfabff485876b1f","권리","Concept"
"117445d535fba768094091aa34514304f539f5927c3e275e5bfbeaf0ea79111c","quality","Concept"
"afec938a42d8a89df8c00461ed8ca6ade988bd66560d7672f5ebb724a78fa4f6","금전","Concept"
"9179e784e8b0771f25d3b5215a36d77ffb506f4867002ce15a21c89a12835c9b","exchange","Concept"
"e788c49237d8d9ed80e2a3c515c55c11659614c081dd9dcdb13875c03b8c9b1d","data sharing","Concept"
"3a2e6ce6db8553c3407c470266ccb972955bb9c3e005ca6cc69badb1dc574fc4","activation","Concept"
"6cdb5bffbef8eeb4ad66af788e47e480a6beb095657972a4f2bb985909b903d9","member","Concept"
"5ac3d79c461bc2dc90ef37e2863799a7773410e4a4d9788478faa17309bea460","correspondence","Concept"
"74e1b409c60f0101192f2e37f8ee0feb31f499de3c51538049fc91eee0678cdf","구성원","Concept"
"ee6d2721762345043ea76368882226c8d291c35e4d01ac5553d775e79d70b75c","legal standard","Concept"
"81e8493a6e2dacc5f07a1a1f7d914076c1ec936d9b022a1c36d4971812da241c","추론","Concept"
"245d232b71ff1f9f99185d3a9472f7bb0a56433764dcca9b02d4f38c8c923efa","succession","Concept"
"9449a0cacd73cdfbecdd096f00ebb62a26d76bdde7c68f62b35df0e63d9646d5","failure","Concept"
"6b7006b4e78d763f7bc56a487dacc81dd24affbec9c7e17ada929cdc3707ca64","good faith","Concept"
"1634c784fa153027c547446e46585352adc2b8be709c9aed838409b59700650f","limitation","Concept"
"93406da3022450322cf4ee661a7b6bba8611cb99b31ac26a59b33e3b4f4703c4","applicant","Concept"
"84758cc0737da9826459ec114107cf60d378131c2f91cb492a6949bd1e4e8e07","직원","Concept"
"7449244a067ed0ea244119c94f234fd801b377482ae426243be658538dfa5255","effectiveness","Concept"
"900f8b2f3a9f71587c3695325d6d939e0fb769ce2cc58f65e8fe30a6929a8480","contracting","Concept"
"6ac4424900695824bd665ab01032f6a0504f06cf2977aa64fce006ef5b8c8de2","section","Concept"
"82f1eb1d69a3fd8ed8f2e04958c74a64d2dab2795ce978e27947f8c1f84c548f","absolution","Concept"
"fab6b0030297f01189ea68b02e90e8a023f0275d03e798daa22848f701813813","valuation","Concept"
"14230b986b63c48e6da41ec193f91419c55036a684ba95127212240d2b8e68fb","ideal","Concept"
"0feae30153c443a7d7ef2c99f0efab339f9a710325ef888066ca620151081ae3","마케팅","Concept"
"067d8a844ccb30bdc3d40f072951172006da0be4052800579337d209e3c0b62e","contract formation","Concept"
"0e412550299eef427a103d5ddd0252ee39ab5b699ce546c30a011a72acae2fd7","efficiency","Concept"
"aa4b3c0b6ae31ea7b8f391f86cf5fb11824cbabcefc0202efe2f0a9ba24d25e1","법적 책임","Concept"
"4b442322965a42daeb579851cf49168acf2ef1bc636e25a64be8cad9d2a89296","reason","Concept"
"afadfae7c6edce3aa938fe68afe814749698ec6eb32fc53983e0630117c5adf8","경제학","Concept"
"3d2ed4041a1ad81a588fdafadf7ddfe5eb77249fee514eac65db83418fd5e384","warning","Concept"
"0e8a06721a8ac427c4b1f20244465c2e10dc0d7d2458f0d357089e35332e8a20","liberalization","Concept"
"f85b5d9a35c23892a7ca45cdff353baf28a7d97cae3a57dc8473786a76f83a5a","system","Concept"
"9463a2a3910fbdbd485967d1c1e8b19173d7b7d2c76f1f4e20cf4a60a7965154","산업","Concept"
"e736d828cf5f69c2e020a51ef1f88c0ff20e003bb4e9abf75827c89e67c66555","default","Concept"
"cc54428d2650316a3ed63974fefa7c44a15de665cef2f122f84448026ca301e5","stock","Concept"
"c576619d6ef889da498d1e37f767c34418724e3472ecbfa3bdf102f52084578e","손해","Concept"
"00fcab9361022a9ed7a9e44d25b2250131a05c056918bed678fc0d9c42f7b9b5","file","Concept"
"f4ddc01418653238fbd4d317d6f0de7f6684aa508e689f55dba179d1d7e63126","방식","Concept"
"2935ae2a2cac3f2f72ed011f4fa6e7841dc98cfe724382a63b82c714d54997ed","message","Concept"
"a1d1fbede34a9508e03dafe7b6dc579a936125d4037d27ec6c081f400d54eb59","opposition","Concept"
"ca5a1d3be67d59379ae3bede4efed1fa6acaa51e30e22fa88403ceb97db4e681","corporate event","Concept"
"ac1012df6a8afc38e5eb51e168cfc7326648c4682e323f6f97dd926292a424f4","court system","Concept"
"cc2459a768fed8b7225f438ccfe6e10813e81befaf57e236a2a48a282313ce57","institution","Concept"
"77777667910cdc5d51344d2d7aeb359e14129ba7c72bd1fd0eca45b265a107c5","business deal","Concept"
"8cbfebfa699ba5216fe74424ad6fcfd1450ecbef971b5987a6e45663ccad86d7","security","Concept"
"b38fe06f88e14abcf6667d6e23b9eaae5611fcbe18918d1c753528e3ca39a3af","기술","Concept"
"bea0847ae04c841b4db4aa877fc84c9fd4a1ec2effe644f44e32ac8e542f9b2b","consensus","Concept"
"21ff7b9045534f2cd2f36c531c2b6ebcf2e19c03b49fda5c6e11a80641633a06","통보","Concept"
"d3dbb5a6d7353f829b7ae88eed8c341f5f6d7d9944f91e958b2b16db4fb2de5c","workday","Concept"
"7b5a86ddd5fd02377f3cafacdeacd3662869e16f86013112f54ec0a5c4a398b4","equal distribution","Concept"
"9adee4486ae3536586327187bbd6cb65b6becd915e5871f34c0eaf26189d7eb1","option","Concept"
"13ecd746099361bb7c5c6e99536030b86459fc46ffb2f89b8776e0b4b1d5efc8","마감일","Concept"
"bb990bdcce19750940581912199b9b0bbee974eb7d8ea79d8697a4483ca32cce","sum","Concept"
"351f4c4ee5c6fd4e71f6402905945278391390af807691f390bd3ce1a33c31e1","value","Concept"
"7aa3072b5f97b3519b952f22d211e536b00c54b9339251bd1dbe91e2b0792929","직원유지","Concept"
"8ab9de7d3cd212170d82a32c480f8a8407b9c076e33c181d8513343209ebc58a","임무","Concept"
"3767bc4be50bcfa48e89cf9305bc883cfeeb680d9b0ad5ef43d79f1427f4b7dc","상황","Concept"
"917f2b3231919e79893cfe249a0191f79b21c6959038ffb08781778ff788caa8","shares","Concept"
"e311212a65b6b41f6c9d32e451f9079f23efc45a8036a2b2f33755f0b33386be","행동","Concept"
"358124948ce2e83aeb1322a1f6a3e99db2e18d254b7e3ba02e373a697c6dcb59","realization","Concept"
"ddeca482c82d286c942123365dede695b9b9063f73400dac2a9ad18039307f34","도구","Concept"
"727564e5d62f2943bb27216a8182d27b570b170d48133fb96951f33c1081a245","urgency","Concept"
"97c576ae1a5c09359a9dc899a264fa5d0b6c3b0a33d478988f3dcddf452aaa25","advancement","Concept"
"8bfb4b34333c2780c8dc4135d7d4f7117eddde6676dbefbf0276fa413dc614b1","assertion","Concept"
"2896c15d41051da15efea3eb63e278f32338f65670c4a15b910663efc26cdeda","핵심자원","Concept"
"184db7e2fde3660b4ba4b9be0481fb8bce9fbb54bee616218ea5696395a8f3db","alternative","Concept"
"9a62123d35da1878063f9b4cd04dfe68121812faa0acd0902abab4bc136b1be3","transaction point","Concept"
"4ef86b2d49fa9642f8455e4ef10fb89f955cbc2384e61383d523b5925a92580d","방법","Concept"
"55e4c161508bc2161939914d138b1345c9645f8ab56d7e81a69ba50d67445e0d","amendment","Concept"
"033710ffb50506cea6d425c59906ff1790a1fac46e2f9dd7553594ffab56f259","재무보고","Concept"
"5cec5e6e897fa00ff1795e45f9eb9dcf00ee14e7c2372762328d6a5328410d8b","협약","Concept"
"7031547eee7bedab803de9127ddb59caa62c963dff360eab167014e6fa410cff","거래조건","Concept"
"d5b5839e125d72d4b5f23050b5076fd742a2ef954ea2ee5f62bc452905563392","exception","Concept"
"cef52c9d66d5b896b762eb568ab4fd9ba7e108b6f48446f48954e2940e632196","escalation","Concept"
"8043b7683935e7e7387408b4a7d54500c93308c0415f991ee3b67022fc42b7d4","translation","Concept"
"15ee20985ab9431941d59fa7870ac6c706d92d313a70893c1ab6f19754988c54","now","Concept"
"a4302718520550ee05a154f49b3e52e62803eeebbbcb6c2f106a19a1b45f9821","addendum","Concept"
"8b4bb403aa92c7b831cd6b962d56e681a1657ea1ca343aaf374eff732f6d0f68","기반","Concept"
"355f5b407e558a8949dcb3d970c2db436b8241102153e505ccfd6881f1b15cdc","sale","Concept"
"3de505d3e49669743476ed3f589d2f2b67bb207d0c5831ee937948ab94e0d5b5","oversight","Concept"
"3e4bc48780c751060aca2bbd510fca8235ca009a7912ed84baaa5ca9c56d6034","보고","Concept"
"c06e20eaf5897d10416897144579514d80a0ee575fdc148b6e5589a25fa35ba2","재무","Concept"
"3df8f209e732d71411297385af4eb1c27ec5207ec7967fd7ada6cc280a59b18b","분담","Concept"
"67c0bb54982e7fd271f25e324f4508d69e3b71fe53db307a71fdf25ba9b0b4c3","법률문서","Concept"
"c70272eb43451c8d2c441f63775cbd98cfd2c2566be17923f935656614bdc1d1","법제화","Concept"
"2515e5766d6c81033bbf32c27ca65dbb721caf37b543b897d160427f37b6c5bb","분쟁","Concept"
"e946a8e7670a48d7bee042047a1643ff47c0e190f0a455c144789dfd83455132","책임","Concept"
"538bf56c412f96e5d7a4bd70972f03a700a144782c37d3918a6e229ebe2a5159","이벤트","Concept"
"1b256a8b241be00cba11430d53f2e1682e481d21d3a481fb9074df1f556c8c46","equality","Concept"
"1ea88c09a01fee552b4079e7021cd10286a84305a4f9e424e7e336315e16e421","finality","Concept"
"37164d19293efddf328e8cc45d9166b7f96156f5da7b7e9d17740a9467ec3f1b","위원","Concept"
"09e6a795a0925a1bfdc59b4a0f491e590be23abc3b7ebc2438ef3c653cb84ec6","분배","Concept"
"bfb3f26f4e6a9fd73a8f39274e857f06dcbb8f94a8fe4828ef9a3eb04817098a","조항","Concept"
"0ca8fda44744002b783f89a76ba24b9b7fcb14c8d8a8945d7cfbcde638b08cf4","deduction","Concept"
"13a034b9c0c50df9677eb44a9e280183e42c54221be0f19b16a1362a0447d9c3","classification","Concept"
"0c16d6df4574789e9a3f6c137cf0540109d08e3a07d6b4ce54c53b7de972dbaa","judiciary","Concept"
"76a345f8470c2f015fa1a30a5976a1871c0e5732c652a3183589eec6b905e063","confirmation","Concept"
"c3a2cb6679d1f833084eb68da22e2cf94720fb3f5e6a6fc29fb2b10bf3b06fca","종료일","Concept"
"4492a602321a06fc4a82d9870842e49f3353c37e745b3efab6399a78776e2630","absence","Concept"
"5f0d0d772b213a5d0e46cc2306bb78577e34a3d693e38c6edec2e32027ec8b0b","assumption","Concept"
"fbf12f3908e4cc20411ff1cffbf9e29f2a42a247867d78f333c7f7695674e946","documentation","Concept"
"daa592edb1a7cab54913b7ba62f5eeee387c94fd164e04b4466a7819d46272eb","확인","Concept"
"6ffc955e0c7dd29548d0cdf6eb2b1cfa90d6918ef514cef4b2f511fb4120ea57","보장","Concept"
"7c0f1708a2d1cee3d49127afa6021d0d6adbedc3db87eb5d77d545e049e3e9da","legal process","Concept"
"f9cec28cb67258dd8e7cc02f279c549cb3ab4913d7d7be4f859b8f983d402be9","ethics","Concept"
"37e81723c53ab4b154d9d2be0da8322a0537ed415b39fea4d361b39e2bc371f7","performance","Concept"
"606fa8bf26445c04f55c0a0fc4061067addb275df75b321e93e9ba29f10a2571","통제","Concept"
"47273f54a3227145adbef337acfc17af9e3188da232ee2e6e3ecc04728df56a1","behavior","Concept"
"2be5a4001c283599d675b45e4238cd5e2f4835c8a9e0269e7161f275afcd32f9","general principles","Concept"
"09c3ec465fefc4bbcda090e37db4daf42809305ba793ddb7cc4a4fa12dd7e0b5","경제","Concept"
"676436eca3db62e6e3449712f629c0ca810d18adc2a8ad09e1498a89954971f0","place","Concept"
"6bbb9beff6db094c81b8cac40124163f2d9c6c6af774ce3e3b4992664ec8b35f","프로그램","Concept"
"9a1f7e0b3be247269ea615e693ddc26bc805969df819d08670c2a50b5604f081","discipline","Concept"
"4ad8d663ce2567a5767947aed32a042afb3738d2714e50d593424cbb2c165fb9","근무일","Concept"
"fecc3c4fcbd8863e6f046ff5803093733d9f35bb1c4feb122c5b1c31f2606a3b","처분","Concept"
"3e95d02bd6908137467fcfc7d295196df6d28892cf7483b1fa035d6b52fe97c9","relinquishment","Concept"
"8afe31a9da48b872c3ce409ef63e64377f37aa8c910ffeed72675182a789aec6","평일","Concept"
"816e3144c14567e1b81b2ea4a8aab30ab192576ba47d70fea00405bc23ccb28f","commercialization","Concept"
"aee5321b5c620cbb806b9fb5269862a96d77b9d5d78125f08d142be6b4e361d3","citizenship","Concept"
"ccfc5b2cd88b6224ebf877125c5c0f357d597ceebc5b9f6082da0a4ff8eb6f81","입법","Concept"
"169abd11ceaeabf7d0713dfc6361f25497ac34dce2897dbb1e760cfe131066b4","시장","Concept"
"f9ee5cd2523eb85ef4edf353444106a1d41c692dcb415d54e678cf83f620860f","chapter","Concept"
"7fd66451063dd56cf8030db1497cf7767a625bb62d399c65351177940790b228","법적분쟁","Concept"
"29e72c4b17ff5f1a0f4f5a975fc9c52b5a802dc1ae4bd2bdc205450a577d9e23","empowerment","Concept"
"8d1c82fd77ae9979dc146df66e795aefd1d10ff8132b39adb6a8dff7b9dd2046","privilege","Concept"
"afc65308667525810920bbe83d3c59ea39e4bc177fb0092ac9b58d754dd4e23a","형식","Concept"
"71c54d7c653d3aa2d2c9e80b5685d9adf70cd2b2f4192e61ccb19caf483addea","integration","Concept"
"15b3165703cd04718701531bfd91d398360f2f3d6692dc802852bf5f17d15cb1","validation","Concept"
"6ec143b0e58d681a6459475c9edbcef01c2146dd569d7f8f4a9fc946c10a064f","안정성","Concept"
"b3e767c9bc5105b4f496b60697889c1d1b71e80becb50ed34ff147ccd4ead3b7","business days","Concept"
"6bfb9efbee56bdbd1e101172dd1f521fcb21b6ad3ef6bf18586ed6fde85b96c8","기밀","Concept"
"936ce278633dd5a2558b83cd7bba3a7c49fa3acc6e6988c732b30f5b57437216","dedication","Concept"
"b5fb50aa19d650b66822a0f3062e6c46e3cab0f601336b15737a419c210f6211","매매","Concept"
"fd4233c19ec22cc1d3b5350b17d9f72360bf39dd16991c9380361719ef5c04a1","사실","Concept"
"0f36758e6fa49942408a3cffdf8b9245bc30015e211523d1cd146313479079ae","권리 소멸","Concept"
"49a8cfb578ecdd4dfdbdddad52deb7396f1fee6ec273e5a0a2fd214ec3cd6f02","preamble","Concept"
"ae1781d1aaf6226e3642575bb697b2da36e06b7a04951f74f036abf91126a3ec","stakeholder","Concept"
"8ed04ed41a85892fc57934808724c9f05a580fa6bec690050c230fec35166396","notification","Concept"
"a55108a840d1095eba2e0d7833f5dbeb60585ca12faa7cc39b0bcbe9e875dc89","change","Concept"
"036c4b0830ee27b4c3ce9d549b24aab580a399edc610608a60f5c69a12045994","공개","Concept"
"217aaf0c63b165d4defc17fc5d02ac070607b84468507fd91cce0a79e41d96db","disobedience","Concept"
"52a6e5f61ba09709362264764ca7e31f6c57710bbd6f1c753f8354c9c3a4b5e5","adjustment","Concept"
"28ee5126226295c1218429325cbd4fc30b08ad5619c4483cb73adfbca44f5302","research","Concept"
"4684051468cc395c503d5425d67663b62522b4128dbd9841d2638580da7821a0","사건","Concept"
"49e7c89b30fb675baed44b785c527c1a468e25128e3065c58be7691aed013463","handover","Concept"
"3831d28ef4ae19be44a752105d470c6e23693dceee3bbbeba9768bec585876da","waiting","Concept"
"a04e2e9834902809fb5a109e71128ad010a5a19544f2a577849b27ed40830b6e","transferee","Concept"
"703123ef81204d554bad89571733095804ac7243388027c50cee266157f18e4b","authentication","Concept"
"464d2e8d3a4a615ce1e7433cc23900c367dca4469ce1413da859a4b3b8911d74","데이터","Concept"
"622710695f418806c9600179d189abe40a311a17417613d2b16966127b02447e","계약 요소","Concept"
"896bc01ed7d43cdfa302e4fac5119916647cddb028da289b4dc14a73be3228d6","자산","Concept"
"9972587630cde31ab08de9176336455c95b068d61ea8a09cd8f565d150d0782a","anticipation","Concept"
"d349a700f2242f23e204a8d9e3f225e6a220af73e2b9e6d2e3ea5234510fa2c3","법원","Concept"
"8cea62ed19cee2be5c55e4e885b1a0a620bb211c54058e97617bbfbb8cd8424e","condition","Concept"
"4472c978559c1799242f7417186be36317ec5200c96516dab742e4fe9c88f25b","output","Concept"
"635b6aca5cf9afbf7cf864b903f1e26e3ca5dcfeecb173b286808c530ce7b632","무효","Concept"
"68b53debd59c3dc1aeeaaafdde8ca2ba33ad61877b652b6e1455e4dc69cbe1fd","주장","Concept"
"78488aed712cd4bba5e93e66730b350519aa7a23b0221a3073e721aeb5c824b5","notice","Concept"
"89ae88ae194527e1a71696fb7d0d1b1306f5f66f9d29282ce09c83927720cf8b","composition","Concept"
"4ba67e57773b00b32174ab66c9edc6306661bdafc208dc9da93efd1350959da9","hiring","Concept"
"977755953609013188ca348d6761595d47e831339f5b5355a9da930673a12ffe","legal term","Concept"
"aade7475e6d22acb2bacc41d50092023509440692403c8809f9fba0d6da9471a","법적 권리","Concept"
"b440acd7f111334d6d423e643e040308dfb06025dd7bb7d1199eaa59e4959153","준법","Concept"
"a32fe3d9f7471a29f9b1a8f0f72c77c874508e4681a4b7eef616a24758c7d010","storage","Concept"
"0638ebea8c354b63258cb770ed53a7681652666d83ac94dff15f6f2f9632c8e6","양","Concept"
"c0f1cd24b16788a89d780cc1fd6a63f44eccddfa1799f69f2e9daf53290b3446","legal finalization","Concept"
"d3327ee3494b642f45bab4f16345fadeeafb596801438abd179a9b1e2677730d","appointment","Concept"
"65d994800320f6c0206effadea7df4708a33d235da5e4d50a081fdfbcd1b2f49","beginning","Concept"
"e51617c4d937303ef7f6aad5f7b68f03d747067536207cc7eb2b3ded47ccfb71","event","Concept"
"f2fc9b44617c427cbdebc5bcd917a3b5c4b92e5fa29c489220ca6d0739e29249","evaluation","Concept"
"eff04a695f17b7ce8853046c13f95ed4d624f7c7bee029ebb05205a3489f6398","decision-making","Concept"
"a4155707894a6a0a1cad522feb8bc56faf3406075b1b2a1f8434a6606fa4607c","contract clause","Concept"
"ee4b60ee35f106699d80f05a5dbdb295d087a44bef68bb5878fc7eecfe36e793","정보공개","Concept"
"02d1a90f454fb78ef4cc43e6a848e72a03d6f3bbcd13fd89da7de11a6b8abb64","social responsibility","Concept"
"991ca48b99de3c869c5f9d44dff88871b0f64b3c4e106f41c998d8c87585a16c","환경","Concept"
"608975d47095e53f3b2596a28f2bce9714706a69c54a49b3faf3bbd4edd78684","paperwork","Concept"
"ee5c452f4a2bd9585f9cb29c2826da354ed0884454c8dc226256a0914c588542","divestment","Concept"
"f6c33ae3e21d911d9159f64528bcbb651309d1b270b30f38a738b4f0bcf17e4b","capital","Concept"
"8284835a9531dff30725cfaae52ede44f3bfd0fde54a038287d1a9470c47de85","유효기간","Concept"
"38072cbf7c1355afc0b6a96e8f87f4d42275a32cd5d26c7bf6f33a29eac7a50e","부과","Concept"
"6b6aef9e3737a62869b5f839d3d89872845547f9dfb6e5356b1e1b3462b52be7","participation","Concept"
"fb1a714d87b4189a0e82eeb4d925f42dfcc0a6950349c396ead670040d6f777a","약속","Concept"
"f839ede1cbc2139ec6df76f12e1e544671678cd2105681b1f91ae5e878e4eecb","법적개념","Concept"
"2dd15a366bcb9a083dc46ab56fb8a38864cdd3b2ecce1aba6ae5306234ed9efc","share transfer","Concept"
"54dfc7a12a6b2a5201c6468c0947badc385ff49408e91949a2220ee950f0afcc","조정","Concept"
"8d8c05ceb8eec6303ab786e89bb7c4abcfcd9c7bd19228306c45f49ff38e7234","법적행위","Concept"
"c6fcb33c0e6161092796e66c0ec9d23e21f92f6fe35af12f56712ce85c4a794b","diligence","Concept"
"6dbd35a494bf0b29c27a44b9c759acae84d225ba34d00c514df3bfceac40b95d","significance","Concept"
"fdedf0f3a7e6fe03d94b13e04d4605acd10f794e26ee0b8e270d7efa131f7375","수단","Concept"
"42c09c9ba518a14e2a95d07a753788af66d526c9f289849ed4ba8da97e0f27fe","category","Concept"
"7f3b38f75d33176815930c332b94b61f52501e1928725ea72022387b3f6a1c39","correcting","Concept"
"419a517739efcc8eee8fbef86e7fd9162b614617c0f340834b43fb1d27a37c9b","risk aversion","Concept"
"69601a6b3382b5d91a2a71fcfe6335bf48951dc5b4afa792bf70b1c8836935b9","기준사항","Concept"
"f635544da51b04ae146ef53ca1668ea3837f0a28d72a4680896f97159362b375","effort","Concept"
"7ce08964d88f37cea7f5604099566ffcb7365a9aed5f3ffddc29e24f789056bf","collaboration","Concept"
"c727843ff01bcb81928f6ed3aac8f1c0132da00eb5ee66635e975cd3b9a17e26","financial activity","Concept"
"8218d4e720df13cda9db640f764d60e4e8d7d06d622d6a6b4d1b60408e534c3b","reference","Concept"
"858703f7c170093c238014c551930b2fe630752873c88b1213526671e0815a8b","거래자","Concept"
"6f4aa8b96a70dcf6775dd40635327ccd8f6f8fdc66b4e6e18a414dff060ecc25","fairness","Concept"
"de555f25c0e97daa6a693854bc7e4d0ea6b4522c95c82dc68cdc50608f47f0dc","재정","Concept"
"be39f7a3d4382de6ed02a5ecd2a3689900dd4f642ae0713fdc17857d652d8a04","concealment","Concept"
"f9fd602da616c501bd1a8270ab9ed80c2622ab10e8a12c2eeebae71fd46a9be1","survey","Concept"
"4f66e9989a536412978c1ac7f402b22bc87c717969aa896f23713be93024762a","action","Concept"
"f4d1c54a7b2cb7e85685050adcba07f5ed0d8d1481834670b706fa141bad1601","조직원","Concept"
"3ab2dd88023bcbb62f0bed42d941049fa3a5e7673832f82dfe14b733780b2837","renunciation","Concept"
"71f61f09642d35103566f34407fafaadd8d600cbe8f38f485b17dae83ecd35af","edition","Concept"
"9dba72ec51c28bfefb94c1ccb0620cd653ae5aa2d181a4d4228c909befba98ff","declaration","Concept"
"a8ca4985232eb00507958db8b529bed687b8bfd139ddd0681c1ce961342e8826","business ethics","Concept"
"73e68972b2494c84f4a80ae232c1ca8654e514ed402141ea55d14080977fb57d","사항","Concept"
"d0d87c0e4eb56bf7f5f7ff0fcdceb3611dde0e72c256c6ad4c6520573780a618","특성","Concept"
"68d2145843ed145a684d83a736949ffa86b5fec9ed9fcd616131a76a5aac7403","deadline","Concept"
"10ae7069221ee6c090dd3d103f22b9be77e27e64a893d923e500990e3c521f17","계약조건","Concept"
"c92e14bf8f559099922efb5569dc901e8081a111fceba38413a9cae1919d0187","onboarding","Concept"
"4faabbeb7ab040be2b26131cdb79e05d48dc66738f0314ab2ae04e1654a67b95","consumption","Concept"
"3bd62c9ab1da5c4763581a952f0f5767e8c754ae5653ba60782bed06df6bc584","conclusion","Concept"
"2c2456b0f322068b02a88af93f84d831d9dbf7c6a5e8fe5c8db0c230088b5da2","term","Concept"
"66057bc70f03bb25b7ce3a2b5cb34486229a4f3bda5236bd5762383b2aa79d73","법","Concept"
"a439d91e1cb64bf39727c1431df4a2ff81076bfc8b1872519f90f4afacf41d68","existence","Concept"
"a2faa363820c9c48de3cd816fa4ade7abf1e1e622417b9d8db73c3016d6403cd","claim","Concept"
"de5999a1502d962d23e6119cb8c543b04280fcedc917f9263b565bc3de2e20fd","asset movement","Concept"
"314bc17c767102604b79c15b3dd2879e9bf096bd485cc423e281595756745e22","stabilization","Concept"
"f8e341fccd8803f2783784eda0ff26f58417340a508cd520a4d5dc1091cd1b24","legal drafting","Concept"
"ed4ace981d96865bb6ffc1b4e9b729495b6e6afff8792f999c54351a99241ab3","expense","Concept"
"be0baf579ca41540104e9209514479f200219411a88d022007012f520727a0b3","conservation","Concept"
"2189dc5b54e506b97d496fbe0471891dcbafc761f8604305f0ca2efa602bffe4","control","Concept"
"07d14bd737c0a35aa7f8971b81656ab0cba1f68a4146283106bb0df9fad66c5b","활동","Concept"
"607645f054f54733555b51c81cabcd9450e922a12a66c6cd2928eb9b2b1c9778","권리보장","Concept"
"71a87783c329b2c482ad02ad8bb72a60240b4cc82b9d55e2250b64a63cfdd9fe","용어","Concept"
"1167d6b2d81be67354c56288204fe132db825bcc8de8ac8b2e7ddf271c5e81b8","화폐","Concept"
"b1cdfbb22902daad6a61fcd51ed8dbbfb4d494bd16da2d4ebba614ffc6831754","position","Concept"
"dcd5fd8c728353b86f9acadd9c34a92e5076453e3ac5a5091f2aeb7a70128f2d","means","Concept"
"2785eb58fb73dce10b18ace2be1e11a2a3f1318295ea217a90348e53003d7572","positive emotion","Concept"
"93a13a9beb2b9c34899b26f0ce98ef7cc0155da0d2ca9759e1c6d05ab210e252","메커니즘","Concept"
"dfa121f8c02e49831da8a73a0047f3b0d57da6031acc871912b629e0a3980812","정보","Concept"
"5a95d93e9e7e82d589dffd15e60f5449f5e704c02690f22bb8edbbbba68c9bae","codification","Concept"
"26952815dd1839477898c10300682a96717398a7483f6dc894958d7439f72a4a","법제","Concept"
"1c960eb39b3e649c8edda7cf4f172f4b20a981d3c68f7a0489461bfef7b10ce7","cost-splitting","Concept"
"e450a8181a9ce750202836779748a30a4c2bbbba507f733e0f77df06cc91b0b7","consent","Concept"
"329da8e2954de1b8bd151ec25b471676fb67f1f8f23a0b4d1c956401f26b8b25","synergy","Concept"
"d2bb4b8735ade741135388f0263108b896871d02b59fa7e2e835653958101c3c","due date","Concept"
"7a7a34948109d0e1017a859e5b824ea5c4a382c6cbae3a8fa31f8a4b6f34fa5f","inheritance","Concept"
"6cbfc16e3fc78fa621c0629ec85d44b88a3149135ea4a489115a5d2696e559ba","contract","Concept"
"816362297bf3b7acb102cec92a9b1b7ff009354f3a95a69a1fa71bb8eac0a08e","abstention","Concept"
"8aa380745544a54d5d2bde773848006aa5875e9553479e797ecc3643c1daea48","interpretation","Concept"
"26b70ebc206c04aac609548d8a2c932308b4cafa9ab91fb4eefdcdeb876f72ad","부분","Concept"
"cb55d0df6b735ef61b097678f6bd73019504c58749267e7ed9ad280116765c68","recognition","Concept"
"807ebaab006a2acd7e0ec2f76539922fa1afd90d088e0c47ccbc808aabb764eb","도덕","Concept"
"bc853a5eb1042252c0e8dc042ff3c5c4bae7702440d4235b4a6b3f73b53ed039","연대","Concept"
"5314355f73167f160463952eddb6543003984c71416d4b6d14a735c863bf85d6","trading","Concept"
"f70b25222da0d23a610ccc505d60b8a46f187308a908b0ff08717d297774e24a","지급","Concept"
"cb4e33d105089f6eb0f8fe98b60861af3664ebb631ccecd2d27afe00c403334c","rights loss","Concept"
"252569e5b59a33df1419bc3fef8fc428ec3178da7363895fd0c50e93a5f31fc6","공간","Concept"
"fb2aa41d39e83c4b390e0d1792c3f4ecdca92ef5bf5ad2fdc20a2ab68a04d1e7","개념","Concept"
"9688a7821304f96eb75ed9235c6eb8a828c0c1ba4f1020fad4d74a52e1930f10","information exchange","Concept"
"aa19a91856b011a34fe73f509aa7ae67531926e86e120f93937fe916acf1c618","변동","Concept"
"c6c70f91f5371de95dca42a0d12ca13ade1452cc6e759b477e5d5bda7d320340","규범","Concept"
"95849f9714e5a2bfeab4840965902d754121f3709166338611c1a0b57d2d4008","필요조건","Concept"
"15c3ee81d822b5e76aa6b6db9fd4bc1c09e393ab5a6fe44753caef75c4a10ebc","recruitment","Concept"
"442acbbb01fcb993ff02ce2bed19e9c5b4b2d1e01d392c1751536e661f667eba","resource acquisition","Concept"
"2dfaa1be620893647523b127c4750a12298eb87b2495412879d33f6ed6b15988","denomination","Concept"
"63da8bf6957f7f63442b8a3c148329d9095183a76391a2fc9882989fb7c0a841","완료","Concept"
"caad3837cf18b0c5836efde60cad46280b96c8166ec2ab7f073f2e0f531d18e1","time span","Concept"
"2bffa008793e9110476bfe71b09ec5de03d36f0cdf11305910a914b25228784f","restitution","Concept"
"e9b52e83a2497e9656a7b6030ddf5175d54c4f991cacebd04f074ae42e103c3e","person","Concept"
"0b9504e9a7f78368e9a5fdd4f974731adab7abb2bda5f7834fdb7d880cc648cc","유통","Concept"
"a54e9af3702589e2ac12b63109be4a510c274a2c5f95e639a650926d70344364","response","Concept"
"f4a3642bdb85a86e98fada6e5bb09cd40e1998a13a86428abe9808e72ed0baaf","circumstance","Concept"
"958f7a39200d87acaa93893a9f852009e82faee303700f1f6e7af9f33f7ca02e","sharing","Concept"
"cd54252f0b41d0cffe593643b5fcc4aeb1a358496053676edfbe0d29584f883a","engagement","Concept"
"645cf9b4ea32b8a7d69c779ede9a9820020e2c6a138ab975122cc8a76c65fe81","inactivity","Concept"
"4b3c663ede9688ff1431c76e07096d6de618c4823a07abf349e1671d804c38a8","law clarification","Concept"
"0507ab9b24ebd503328bfe8ba25cbf4feea704aa4c27d1b757616129ee14607a","language choice","Concept"
"b8c83be145a5a4e4c981bb1f1faf3393fda3f44b7f4fbf9376eaf3a03fba38d3","manner","Concept"
"3a67164f3e7ec530a889f52b22519adcadd1599aca20537919da88f10dfe7307","기한","Concept"
"584502ebdadba33a42213b241ffcbeb15941c8d595591f1a80efcb558b2b384d","current moment","Concept"
"0ec04899ab0341c0f05fe2f7198b97a9ac31c89eece95b33188ae8381ddb3e64","statutory application","Concept"
"df13d145e488af4e9d9ef97992bc2097e45e7a7abdd8007c2c95461741a5b509","application","Concept"
"75ae7028549a1f2d135f048d0a2b1bb916cb5e34a0c61397fc029874067b5093","restructuring","Concept"
"b7942118750df3f17e6700191fbb65cb6df3d9df7ed59664f7451e1ff8c77c1c","금액","Concept"
"1d95f0347ca23cc8feac6b2c7482f23e1736cedbc3462b0b5a2d80623e9b854c","postponement","Concept"
"dce5e8497825ebc9eca074854cc08d5c54738d2d76ebc057014921d4ba5d3ad2","세부사항","Concept"
"e8640bb88bce23cfabfea9bc0f5cf61a39122251c77bf16a727d4ac49bc509af","멤버","Concept"
"da159458e36eac2cfa32665650e8da2a2105aa92b7171655dd5e0fa4ac2663fe","건물","Concept"
"96619274cadef6e007c9307e108c2b07ca15fa671c5729a5aab58b5a0d12a4f6","집합","Concept"
"23831843a48c63be9f9473d47da0cbcb01715985961899a5715d7095c78f451f","inquiry","Concept"
"786984ca7b95fd2b76c5541b302a6a42d6969d4741ccaf626ea66be69b26e835","projection","Concept"
"599a62a5fe19cdc2aa0e0e65f903fe049fd06dd9936fc493c772151ed3f40016","adherence","Concept"
"64fd5f3f439ed6a0ab0c0d8a6424b258e7d002b753ce29d9d3e64418fde161c2","서비스","Concept"
"9b8e0cb33ef16a4dd22a3056ff95f89256dc7a1f518bfaec35442a3ed35046b0","인원","Concept"
"be407ff4831912e311f9307d2e8a4e9dcf8b1536630ee85bab3fb876728a7e24","policy","Concept"
"4dc4a347ab91ff5fe1f15b4103ea9f8c171e66ed7481d7d58fd7f57dd631f7e5","기간구분","Concept"
"2ea4d8762c52ac42133989708a3c545028565f01b63cdcdf2d799040d2e34fd2","requirement","Concept"
"bc1441b5562d001ae62bd25b4d8cf100e999c229b03bed97ac2b4d6385603375","논리","Concept"
"122faee8a61089fde3d4afa2532f4a80913cb4d94300960db9eb17e636a1a829","경제주체","Concept"
"3f9fa84decab22650bf240db5c98969e7e5a2150decff0002424d4aa1d63b509","inspection","Concept"
"ec3f63b42b48a01eadb38e6e55077123271e812f24472f09eed4e2450f2a51f8","파일","Concept"
"c36a164c9c6414411c864993f59ca4606b2e7b26c6c922587879d049c2a425c5","omission","Concept"
"1fb0afc4d19558f1c7b7387ed2cbf36b1c097cf4b7fb3060b8d7285f1559517e","검토","Concept"
"036f52b3a387cd0c53ab3a1d48f9470838b0ba8db56269418f5e72f9e9e6a904","소유권","Concept"
"47fc63a4daac3bc7616cc35bc727d5d6125359367468616bf472903a8ff9a1c5","support","Concept"
"27f81b3a6aec28c5171a7186f6069151ec913e1ece3a7726e8da0281234edee0","expectation","Concept"
"f3e98403b64549e3e4991733880e671a3df8bf3ba15b752b578ac3da2a241f86","peace","Concept"
"6d00ee184ecb8abaf26d6faea412dc89e6670ade3bdc6e069297b45ce80de99f","품질","Concept"
"9acd0c83caf074ba841b029352d2a87b83b91eefdc6c528617d47f572caf7f54","freedom","Concept"
"9cae5ece2fb55aff9f467586a269006fedeced45a694cb76ffc751a78de759aa","information sharing","Concept"
"faee1441961e7b7ddbdd4cce72e3b6e9f5d76d01eee5c52aa8ffbf44f67cae34","asset","Concept"
"10fa71d947256b9968c09b648fe51690f03d65ca6dd5458526606f82cae6d3c7","violation","Concept"
"fba9c2af05e6cf666b39af3e38af298feed919acbb58f42dcd2a57cfe624596f","규칙","Concept"
"b1d3d0b16a9ae666b6304faa59861c239c51955daacd6d25b15f42702a135a97","책임감","Concept"
"c8dae07e4791d16ff6f10e64fdd720eb556b1bcca72db67b393a90067663a524","legal action","Concept"
"1d3768d919bb8c59cbe107382ff640eb4639ba36bda3bae0539de6716c63e359","pricing","Concept"
"40c6aec26ecb3c3c5067ed33b9dcb513f0ad3f993268ed7ab46b5ffff524bc1c","rights","Concept"
"e7f5ffe104ca28600ce50c703d1c0ef04e6ea888cdd0089e4ee7f9b8a4f16e12","handling","Concept"
"3b319f8fe5a4b55cbb619d445c76d71fce3c09eb1a15d2f5a945d024d756a4d3","identity","Concept"
"242727feb1e1ce1af601e3c37f434d97c4d7b0ae0a509aa421a450a7b436eab3","예상","Concept"
"836952604106d925ef7e07f22fdd8d481db144e0c8f461b75afd524502926c42","전제","Concept"
"aa8276266a0247ee7b66aaf077addc62454dfa0fbc9a1a08c4c05505fcb9e5e5","contract signing","Concept"
"39d54b38dc3a765466c376424437b23f0f0a5e45768280089445a46bc3184beb","attitude","Concept"
"1b8b84ddd963dbda3788819250314d0c3e3c50b6a7c8a6ba67c02a60867d8f00","알림","Concept"
"a2e186fa16f6d766d30f97578b8bfa45caeb82797ed0c2c753b97f40b83a7400","통지","Concept"
"8037e6639b6bcdf6a8f9a0e621f22f1255b040549b87cabd0b581e732b8c6db0","creation","Concept"
"6fecfdd3661b3df3d6a54bb5601003b1a70801ffe8525fd6aa6c2eaa68c1073e","부분집합","Concept"
"e0f9005ccda420ab674365d3504a0fa489df4497208597d1d13acf987f23e944","은행","Concept"
"9473e770ccc7b9bf2db030ebc58e9ee4f6839f36e5301db2b3e887f264b4f725","uncontrollability","Concept"
"a8926dc4328254c840f3ee0f09159c0dc1ca3061ddea80d65ffb16c5ec460ba2","guideline","Concept"
"c65efedff83bfb57e1a9e87422c1585a59ac63770ebbcc344390a595e1ab4d04","갈등","Concept"
"8efa799f7cd74b4f091bade791dbda2b38feb01419723dd319ff7c910147cc4a","영업시간","Concept"
"946c58826e9d866f2c7e0458cf6fcac9ea30397493fcc867adf87f1e2f40ed45","work","Concept"
"e3b1e93a0ef283be33ad7588bbf2fea040a9b9d337bbe42f2c30182717353af6","fund","Concept"
"6652206b09df0fe41f80440c8c59b3ad54380668fb27f75cd6eb1af43b4d55dd","rights transfer","Concept"
"d4de72cf91f6b5661423b04c12fa88445978c0958d59d663128f121cc93dc212","그룹","Concept"
"a8e3208fe517f4ad603a1e5256fa29e91fc7c76e8b0eb4b265dc5573ab09b215","분석","Concept"
"7a5572d6c3442d89df50ff1f5c1cdd96a9a3eaf9eaf11aca13b1bf9b055528c3","inaction","Concept"
"9cec17bdff7d3af65be34fd7276a15f9b25cbac50c210e5cd34647b4d6f83dad","처리","Concept"
"19bdaa9fdd0786fc098a27aab1420abc502e4952796ba304fc33e2e5bc4cdb7e","텍스트","Concept"
"e03db892baa0444a59eebf94c5c24778aae0606f28711a241c749c51fd93284d","기관","Concept"
"3fe0b11400418324f7925cd0ef550a4cda7efb48f7f6106e90fd21923fdcacae","법률 개념","Concept"
"7e772fb4cc2293e794250fd95ecdb8dbadd88eb01387e73e14f08bbac678a81b","planning","Concept"
"30dae6f6c005a4a13d161166d2ae0f97fabdcf6560df2e2b297ef980748c63a7","인사","Concept"
"02e999421f8c7cfced79af068c84944b82c9813c43bd64477d3fdfbe2579f551","기간","Concept"
"4015d72ededb8dfb79b966529532564c157f2c8c57634798d93701873b56e5da","representation","Concept"
"7b6d37b2136ab0c00f5359b9a19600b8c3ee4491146f681b6b4facbc4c5a0f52","권리 이전","Concept"
"0097e47c24baf78b6b246864d146e1ac0c874e9aee9535256183b47fd1e9ee53","confidentiality","Concept"
"591bfda2f8ea3fd9d6f1e18949a1a7ab09465a6df052b584e252b7b7fb744a97","legal acknowledgment","Concept"
"7be9c5b1a234fb56a40c96b4adfed6747605a33a9bde44ac7a08c313582d4de6","인사관리","Concept"
"e9d53475abac63f733421f378579842a6100ae34807bc914147f2210dad3b9f4","choice","Concept"
"83a2286f5c8573dde4a86d5d221dac53e43673e1754365ed77bfc00837960af6","temporality","Concept"
"6647b5ccf5c142945c1b5db1fa8b5f2c59cf4d6c4248c0a80be1da0032c9353f","sender","Concept"
"2ccf606d0937446986ec688c2934195c4f9dc5292f4b9523c8b613fcd9426beb","economics","Concept"
"684338bda2566064f30d21140535f14e2fbe1fa32b5e4b38f612bc7e9d7f6d3f","요건","Concept"
"d52fc1fe3a464983f2a949d4945c0ce762686924dad2ac0300ab5f74c0c04bb8","adjudication","Concept"
"1d0ca63881ef45fc0e328f134e16226f048752183eef136ff23e3afe8d465ca1","징수","Concept"
"13528f02902d0088065d5d05648542595a2aa39505b30507342f1a2b618e8418","신용","Concept"
"30dbdb5527e51a93331b9cf9c4f8ee4b14730af000f29912ef14f9e577ad9cac","preservation","Concept"
"ab7ceb5dbaec3bd2801e5c5bb85b384c4c104b45664b2604b41c1a04dc051f79","ethical behavior","Concept"
"021ca60986e183b566ebacb2f0cd417ec544cf7033ff9affb079c9195e57459c","요구","Concept"
"69f87f7ba0f7eaad75c1eba75a48e3ed8804e3d42f913b68fd76112f9925a4dc","remedy","Concept"
"dfe1234d9c8e8c97ee3f63b26e8d4aa592f46a6c62eea30de4cd7be6590a9cbd","cash transfer","Concept"
"bcba6cc7552bfbb3bf5af52e9bdffbcf0359bf9a1b97232d7dd5d52ef1a3b623","discontinuation","Concept"
"d83fdd35f511c9b43809e302235a81efb836766a0204d4d25efa7ef44d5a3b14","assurance","Concept"
"7c4c46234a0794aeed7858a77e90b3648eff198437306f5b730de42606a45e7e","individual","Concept"
"168cda09318ff730c4d258df48689073b79be194437c997ce318bc167ea59391","ending","Concept"
"44eb7040aa32b7691faf013d0f09e9a72d06e18a52ff6be05749ef39c5d0bf3b","method","Concept"
"5ecf3135276046a20290005ee466ddc5406d2f9339ca81e7fd103390b3abf5f5","penalty prevention","Concept"
"b0ebcc79527cd9cdf1ab50aaa552a1d30d3a1b151134c90dfb0d988e3e3dc514","leadership","Concept"
"ca6f552b7acfed35cf7da22df4b493783a54b498794b9e45fe76532ac956590c","management","Concept"
"1ef36601ee685966029541fcdc701b337bd43a7680530de3771820117bdf15fb","enforcement","Concept"
"f64e681ddee79e0d0bd46376526b47986960158d1969d9bc983d24c87365e524","위반자","Concept"
"1b4e1b0a04ca54aef96f924b007f2c77152b0916ef2d09464fc6cc8257e6faca","제공자","Concept"
"27ba763aa0da5231ab49feb87a88af6be88429aa4452b1fec0e69dac15167d2f","소멸","Concept"
"deb39de3961fef15239396bc04342cb654ccd4876c4da7b08bf17d055c258386","intervention","Concept"
"be447231a830c3cd0ada93ce795a0db0a50acbf71c14cc50af817d29f7002905","비용","Concept"
"1c9fd43723134e03d09ae3a47d2efacfcbca79b3b45f9c0f989b914abe3c16c4","지표","Concept"
"ca7f8179ccbb115dfed69f0553a872b6a8912e814c6b095af7a2f2c216539e17","improvement","Concept"
"6651a9f883fec5314e619d10929cec8cf21d563f2804f1c0a59d4daf1fe5a314","knowledge","Concept"
"b91c65da6be03a6129e8bb209ed0da833cd925136b8b14a8a7383032b7673310","주주","Concept"
"cc8776c4050f88a14d75cdd915d8aa8bc8a061c9b81027df75fa000c6a237dd5","등록부","Concept"
"edc9d2560eb502369388a548da71c929aaa2ba1c5716974608e06d5de458f1a2","purchasing","Concept"
"33b09583db022cd2f8765441fecd0830334b8b6215f79adbe69dd260215966f7","occupation","Concept"
"976392e7941a480fee5e0af4c1a0531bd1aa13309c6a6efa5307a1f0e3114026","단위","Concept"
"7eac92ba006a9c5403b2987bab483e58fdf2b6e28cec3d0072192d790a1ce44b","owner","Concept"
"a2e1b27d91719252023e44331fe752b503b174e0b2883c3c8e94d68b80b86e33","만기","Concept"
"e1fa9d40819bb4f8fb023bfa2e12a25a5256a1c56930fdd701733d177c2b086f","financial arrangement","Concept"
"b8c3cc5c56ea6667ed2a6c369f81449d09b91d0d3b7f03b7d22d628644028b8f","securities","Concept"
"dad435592ef2b17eb87d54d3366d0f0bd0962b5e64cc8b3c473685be08efd8c8","법률용어","Concept"
"5cc74e41b1c289e155fce94f5672a42fc0d11fe9619c6c74cd500b1810249638","reception","Concept"
"0eed619d6ea13b92d69027db088fd68afdf3ef6bf811cd44848e592b225a5c5f","지원사업","Concept"
"76ce417956b5e2a642b1e1495a4994795bdd9f2e4ccaa0cf1cb978fe47c54d82","요구사항","Concept"
"7d32110ba7c4f1ddc7de117faca6ee02f4e8aca46b27ac41f639146064dfee22","메시지","Concept"
"aed39182b337251d2a6f6fbcff7a4cb591aad25f36a4740ab6a235c28db7444a","subject","Concept"
"4e8eb21bef4b34666582e8c9910705226b257cdfa1c928b858da80d54b1137a9","legislation","Concept"
"f0bcaa1698a50e1c8c24c16665121ac92bb3e443c7f2d14d7762043c754a52c5","inclusion","Concept"
"59517ea06610dcfb80d93bf3fec66dc30e794b1a3f2555b52a023b64c1edc0eb","규정이행","Concept"
"600549dd7a0f7152ec80ae60bad51b49a9cb390ab8f8eb275c98324957de3fe2","leader","Concept"
"afca1c0ae53280e70937250da8015a2e5c7ebe1b6863cd983d765e1e6c48b3d9","goodwill","Concept"
"39ea8aec606d13105329cfe1b8bbe0f0a7520160c7c63cbd371fce3276599b67","figure","Concept"
"55b4df268fe400aa6680dc0401f0077e8b860b3cdad66d295792780d45beeb8b","matter","Concept"
"b0d1fdf0b27e65bd582871d10ff50c6d6b85427beda672c120bf5919e7e85c5b","signature","Concept"
"e8289c0ca8f40177dd860b6bc7635be1483d86f261dad35b4e1eaaf696fb0655","period","Concept"
"b5966069b27cad9bf04364c046103bce525d0a82ad956dc3d7db6f2020784e02","uncertainty","Concept"
"d01394d388b8e92917d1894d3dcc9344933b418362e32299066d4af9b2b3f790","proxy","Concept"
"1b26ced399c1820f2fa5c521903dd1abddd5cdd0964ea1225771fd21583d01d7","법률관계","Concept"
"33ae540fa280a56553f0de9dcf73bb70ba69db711d0954aa1ea31e95947c5018","합계","Concept"
"7e1ff8035749f86a6e995a410e5ed00044344f62d7419765975c690a9ac1f8eb","time limit","Concept"
